97;-50494;39844;0
371;-50430;40109;0
510;-50397;40244;0
784;-50333;40509;0
914;-50302;40635;0
1173;-50241;40886;0
1306;-50209;41014;0
1585;-50143;41284;0
1732;-50108;41426;0
2033;-50036;41717;0
2186;-49999;41866;0
2496;-49924;42165;0
2641;-49890;42305;0
2790;-49853;42450;0
3083;-49782;42733;0
3229;-49747;42874;0
3384;-49709;43025;0
3534;-49672;43169;0
3823;-49601;43449;0
3967;-49565;43588;0
4252;-49495;43863;0
4382;-49463;43989;0
4643;-49398;44241;0
4772;-49366;44366;0
5024;-49304;44609;0
5150;-49273;44730;0
5397;-49212;44969;0
5519;-49182;45087;0
5765;-49121;45325;0
5893;-49090;45448;0
6157;-49025;45703;0
6293;-48992;45836;0
6437;-48957;45975;0
6729;-48886;46257;0
6877;-48850;46400;0
7171;-48778;46684;0
7315;-48743;46823;0
7592;-48675;47092;0
7728;-48642;47223;0
7865;-48609;47355;0
8142;-48541;47623;0
8285;-48505;47761;0
8573;-48433;48040;0
8717;-48397;48178;0
8861;-48361;48317;0
9141;-48291;48588;0
9280;-48255;48721;0
9550;-48187;48982;0
9685;-48152;49112;0
9948;-48085;49366;0
10083;-48051;49497;0
10348;-47983;49753;0
10481;-47949;49882;0
10745;-47881;50137;0
10874;-47848;50262;0
11121;-47785;50500;0
11248;-47752;50623;0
11506;-47687;50873;0
11639;-47653;51001;0
11903;-47586;51257;0
12037;-47553;51387;0
12294;-47488;51635;0
12421;-47457;51758;0
12672;-47395;52002;0
12801;-47363;52126;0
13054;-47301;52371;0
13182;-47270;52496;0
13439;-47207;52746;0
13565;-47176;52868;0
13819;-47115;53114;0
13945;-47084;53236;0
14076;-47052;53363;0
14339;-46989;53619;0
14474;-46956;53749;0
14743;-46891;54010;0
14882;-46857;54145;0
15152;-46792;54407;0
15285;-46760;54536;0
15545;-46697;54788;0
15673;-46667;54912;0
15923;-46607;55156;0
16052;-46576;55280;0
16312;-46514;55533;0
16445;-46482;55662;0
16717;-46417;55926;0
16853;-46384;56058;0
17115;-46322;56312;0
17245;-46290;56439;0
17497;-46229;56683;0
17625;-46198;56807;0
17758;-46166;56936;0
18029;-46100;57198;0
18164;-46067;57330;0
18438;-45999;57595;0
18571;-45967;57724;0
18831;-45902;57976;0
18958;-45870;58099;0
19210;-45806;58342;0
19330;-45776;58459;0
19566;-45715;58686;0
19683;-45685;58800;0
19912;-45626;59020;0
20025;-45596;59130;0
20255;-45536;59352;0
20370;-45506;59463;0
20599;-45445;59684;0
20712;-45415;59793;0
20828;-45384;59905;0
21055;-45323;60123;0
21168;-45293;60232;0
21389;-45233;60445;0
21499;-45203;60551;0
21718;-45144;60762;0
21829;-45114;60869;0
22053;-45053;61086;0
22162;-45023;61191;0
22378;-44964;61400;0
22485;-44934;61503;0
22691;-44877;61702;0
22789;-44850;61796;0
22980;-44797;61981;0
23072;-44771;62069;0
23248;-44722;62239;0
23335;-44697;62322;0
23507;-44648;62488;0
23592;-44624;62570;0
23760;-44574;62732;0
23844;-44550;62812;0
24010;-44500;62973;0
24094;-44475;63055;0
24261;-44423;63217;0
24345;-44397;63298;0
24510;-44345;63458;0
24593;-44319;63537;0
24756;-44266;63694;0
24837;-44240;63773;0
24996;-44187;63926;0
25075;-44161;64002;0
25227;-44109;64147;0
25302;-44083;64218;0
25445;-44033;64355;0
25516;-44008;64423;0
25659;-43956;64559;0
25732;-43930;64628;0
25871;-43878;64760;0
25941;-43852;64826;0
26080;-43799;64957;0
26149;-43773;65022;0
26287;-43718;65152;0
26355;-43691;65217;0
26490;-43636;65344;0
26557;-43609;65407;0
26685;-43555;65527;0
26750;-43528;65587;0
26879;-43471;65708;0
26943;-43443;65767;0
27069;-43387;65884;0
27131;-43358;65940;0
27251;-43303;66050;0
27309;-43275;66103;0
27426;-43219;66209;0
27485;-43189;66262;0
27603;-43130;66368;0
27661;-43101;66419;0
27774;-43042;66519;0
27830;-43012;66569;0
27940;-42953;66665;0
27994;-42923;66713;0
28105;-42861;66809;0
28161;-42829;66857;0
28269;-42766;66950;0
28324;-42734;66996;0
28430;-42671;67086;0
28482;-42639;67129;0
28585;-42575;67214;0
28636;-42543;67256;0
28738;-42479;67339;0
28789;-42446;67380;0
28890;-42380;67461;0
28940;-42346;67501;0
29041;-42278;67580;0
29092;-42244;67619;0
29192;-42174;67697;0
29243;-42139;67735;0
29346;-42066;67812;0
29397;-42030;67849;0
29498;-41956;67923;0
29548;-41919;67959;0
29651;-41844;68031;0
29703;-41807;68066;0
29811;-41727;68139;0
29864;-41687;68174;0
29969;-41607;68243;0
30021;-41568;68276;0
30123;-41488;68341;0
30174;-41449;68372;0
30274;-41369;68433;0
30324;-41329;68463;0
30423;-41249;68522;0
30472;-41209;68550;0
30569;-41128;68605;0
30618;-41087;68633;0
30715;-41006;68685;0
30764;-40965;68710;0
30864;-40880;68761;0
30914;-40837;68786;0
31013;-40751;68833;0
31063;-40707;68856;0
31163;-40620;68901;0
31213;-40576;68922;0
31319;-40486;68965;0
31372;-40442;68985;0
31476;-40353;69023;0
31528;-40308;69042;0
31632;-40219;69077;0
31682;-40175;69094;0
31784;-40087;69126;0
31834;-40043;69141;0
31934;-39955;69170;0
31985;-39911;69184;0
32085;-39823;69210;0
32135;-39779;69222;0
32236;-39690;69246;0
32287;-39646;69257;0
32389;-39557;69278;0
32441;-39512;69288;0
32544;-39423;69306;0
32598;-39377;69315;0
32707;-39284;69331;0
32760;-39239;69338;0
32870;-39148;69350;0
32924;-39104;69356;0
33031;-39014;69365;0
33084;-38969;69369;0
33190;-38878;69375;0
33243;-38833;69378;0
33348;-38743;69381;0
33400;-38698;69381;0
33505;-38609;69381;0
33557;-38564;69380;0
33661;-38474;69377;0
33713;-38430;69375;0
33817;-38341;69369;0
33869;-38297;69365;0
33973;-38209;69356;0
34025;-38165;69351;0
34130;-38078;69339;0
34182;-38035;69333;0
34293;-37948;69319;0
34349;-37905;69311;0
34459;-37820;69295;0
34514;-37777;69286;0
34621;-37692;69267;0
34674;-37651;69258;0
34778;-37567;69238;0
34830;-37526;69227;0
34932;-37444;69205;0
34983;-37403;69193;0
35082;-37322;69169;0
35132;-37282;69157;0
35230;-37202;69131;0
35279;-37163;69117;0
35375;-37085;69089;0
35423;-37046;69075;0
35518;-36970;69045;0
35565;-36932;69029;0
35660;-36857;68997;0
35706;-36820;68980;0
35800;-36747;68946;0
35846;-36711;68929;0
35934;-36640;68892;0
35978;-36605;68874;0
36065;-36535;68835;0
36108;-36501;68816;0
36193;-36434;68775;0
36235;-36400;68755;0
36320;-36334;68712;0
36362;-36302;68691;0
36445;-36237;68646;0
36487;-36206;68623;0
36570;-36143;68577;0
36611;-36112;68553;0
36693;-36051;68504;0
36734;-36021;68480;0
36817;-35962;68429;0
36858;-35932;68403;0
36940;-35874;68350;0
36981;-35846;68324;0
37063;-35788;68270;0
37104;-35760;68243;0
37145;-35732;68216;0
37186;-35703;68189;0
37267;-35647;68135;0
37308;-35619;68108;0
37389;-35563;68054;0
37430;-35536;68027;0
37509;-35481;67973;0
37548;-35454;67946;0
37625;-35399;67892;0
37664;-35372;67865;0
37741;-35317;67812;0
37779;-35290;67786;0
37856;-35236;67733;0
37894;-35208;67707;0
37970;-35154;67656;0
38008;-35126;67630;0
38046;-35099;67604;0
38121;-35045;67553;0
38159;-35018;67527;0
38235;-34963;67476;0
38273;-34936;67450;0
38348;-34881;67399;0
38386;-34854;67373;0
38462;-34799;67322;0
38501;-34771;67296;0
38578;-34715;67245;0
38616;-34686;67220;0
38694;-34629;67168;0
38733;-34600;67143;0
38812;-34541;67092;0
38851;-34511;67066;0
38931;-34450;67015;0
38970;-34419;66990;0
39010;-34388;66965;0
39050;-34357;66940;0
39131;-34293;66889;0
39171;-34261;66864;0
39253;-34196;66815;0
39294;-34162;66790;0
39377;-34095;66740;0
39419;-34061;66716;0
39503;-33992;66667;0
39545;-33958;66642;0
39630;-33887;66594;0
39673;-33851;66570;0
39759;-33779;66522;0
39802;-33742;66499;0
39890;-33668;66451;0
39934;-33630;66428;0
40022;-33554;66382;0
40067;-33515;66359;0
40156;-33437;66314;0
40201;-33398;66291;0
40292;-33318;66247;0
40338;-33278;66225;0
40432;-33197;66182;0
40479;-33155;66160;0
40575;-33072;66118;0
40624;-33030;66097;0
40722;-32945;66056;0
40772;-32902;66036;0
40873;-32816;65997;0
40924;-32772;65977;0
41028;-32684;65939;0
41081;-32639;65920;0
41187;-32549;65883;0
41242;-32503;65865;0
41296;-32458;65848;0
41352;-32412;65830;0
41465;-32319;65796;0
41522;-32272;65780;0
41638;-32177;65748;0
41697;-32130;65732;0
41815;-32033;65702;0
41875;-31985;65687;0
41995;-31887;65659;0
42056;-31838;65645;0
42178;-31739;65619;0
42241;-31689;65606;0
42366;-31588;65582;0
42429;-31538;65571;0
42557;-31437;65549;0
42622;-31386;65539;0
42752;-31284;65520;0
42819;-31233;65511;0
42948;-31130;65495;0
43012;-31079;65488;0
43137;-30976;65474;0
43200;-30924;65468;0
43325;-30820;65457;0
43387;-30768;65453;0
43510;-30663;65444;0
43572;-30610;65440;0
43696;-30505;65435;0
43758;-30452;65432;0
43881;-30346;65429;0
43943;-30293;65427;0
44067;-30186;65426;0
44129;-30132;65426;0
44254;-30025;65427;0
44313;-29971;65429;0
44429;-29864;65433;0
44487;-29809;65436;0
44602;-29700;65443;0
44660;-29646;65447;0
44775;-29536;65457;0
44832;-29481;65463;0
44947;-29371;65477;0
45005;-29316;65484;0
45120;-29206;65501;0
45177;-29150;65510;0
45292;-29039;65530;0
45350;-28984;65540;0
45465;-28872;65563;0
45523;-28816;65575;0
45581;-28761;65588;0
45696;-28649;65615;0
45752;-28593;65629;0
45864;-28481;65659;0
45920;-28425;65674;0
46034;-28313;65707;0
46091;-28257;65724;0
46207;-28145;65760;0
46265;-28089;65778;0
46381;-27976;65816;0
46439;-27920;65836;0
46498;-27863;65855;0
46617;-27750;65896;0
46676;-27694;65918;0
46796;-27580;65961;0
46856;-27523;65983;0
46977;-27409;66028;0
47038;-27352;66051;0
47161;-27237;66098;0
47223;-27179;66122;0
47348;-27064;66171;0
47411;-27005;66195;0
47539;-26889;66245;0
47603;-26830;66270;0
47668;-26772;66295;0
47732;-26713;66320;0
47862;-26594;66371;0
47928;-26535;66396;0
48059;-26416;66448;0
48126;-26356;66473;0
48259;-26235;66525;0
48325;-26175;66550;0
48460;-26053;66602;0
48527;-25991;66627;0
48663;-25868;66678;0
48731;-25806;66704;0
48868;-25682;66754;0
48937;-25619;66780;0
49075;-25493;66830;0
49145;-25430;66855;0
49285;-25302;66904;0
49356;-25238;66929;0
49427;-25174;66953;0
49571;-25045;67002;0
49643;-24981;67026;0
49787;-24850;67074;0
49932;-24719;67121;0
50004;-24653;67144;0
50150;-24520;67190;0
50224;-24454;67213;0
50371;-24320;67258;0
50444;-24252;67280;0
50592;-24117;67324;0
50667;-24048;67345;0
50816;-23911;67387;0
50891;-23842;67408;0
51042;-23704;67448;0
51117;-23634;67467;0
51269;-23494;67506;0
51344;-23423;67524;0
51495;-23282;67561;0
51571;-23210;67578;0
51723;-23067;67612;0
51799;-22995;67629;0
51875;-22923;67645;0
52028;-22778;67676;0
52105;-22705;67692;0
52259;-22558;67721;0
52336;-22485;67735;0
52491;-22337;67761;0
52569;-22263;67774;0
52725;-22114;67798;0
52803;-22039;67810;0
52881;-21964;67821;0
52960;-21888;67832;0
53118;-21737;67852;0
53198;-21661;67861;0
53359;-21509;67879;0
53439;-21432;67887;0
53601;-21278;67902;0
53682;-21201;67909;0
53844;-21047;67921;0
53926;-20969;67927;0
54007;-20891;67932;0
54089;-20813;67937;0
54252;-20657;67946;0
54335;-20579;67949;0
54499;-20421;67956;0
54582;-20343;67958;0
54748;-20184;67962;0
54832;-20105;67963;0
54999;-19946;67964;0
55083;-19866;67964;0
55249;-19706;67962;0
55333;-19626;67960;0
55499;-19466;67955;0
55582;-19386;67952;0
55749;-19225;67944;0
55833;-19145;67940;0
56001;-18983;67929;0
56085;-18902;67922;0
56254;-18741;67908;0
56338;-18660;67901;0
56508;-18497;67883;0
56593;-18416;67874;0
56764;-18254;67854;0
56850;-18172;67843;0
57022;-18009;67821;0
57108;-17928;67809;0
57280;-17764;67784;0
57366;-17683;67771;0
57538;-17519;67743;0
57624;-17437;67728;0
57797;-17273;67698;0
57884;-17191;67682;0
58057;-17027;67649;0
58144;-16945;67632;0
58319;-16781;67596;0
58406;-16699;67577;0
58582;-16535;67538;0
58670;-16453;67518;0
58846;-16289;67476;0
58934;-16207;67454;0
59112;-16043;67409;0
59201;-15961;67385;0
59376;-15797;67337;0
59464;-15715;67312;0
59640;-15552;67261;0
59728;-15470;67234;0
59904;-15307;67179;0
59992;-15226;67151;0
60169;-15063;67093;0
60258;-14982;67064;0
60435;-14820;67002;0
60524;-14739;66971;0
60702;-14578;66906;0
60792;-14498;66873;0
60971;-14337;66805;0
61060;-14257;66770;0
61150;-14177;66735;0
61330;-14017;66662;0
61421;-13938;66625;0
61605;-13779;66549;0
61697;-13700;66510;0
61881;-13542;66431;0
61973;-13464;66391;0
62157;-13307;66309;0
62250;-13229;66267;0
62435;-13073;66182;0
62527;-12995;66139;0
62620;-12917;66096;0
62713;-12840;66052;0
62899;-12685;65962;0
62992;-12608;65917;0
63178;-12454;65825;0
63272;-12377;65778;0
63460;-12224;65684;0
63554;-12148;65636;0
63741;-11996;65538;0
63835;-11921;65488;0
63929;-11845;65438;0
64116;-11695;65337;0
64210;-11621;65285;0
64398;-11472;65181;0
64492;-11398;65127;0
64680;-11251;65019;0
64775;-11178;64965;0
64963;-11033;64853;0
65058;-10961;64797;0
65247;-10818;64683;0
65341;-10747;64625;0
65531;-10606;64507;0
65626;-10536;64447;0
65722;-10466;64387;0
65817;-10397;64326;0
66008;-10259;64203;0
66104;-10191;64141;0
66296;-10056;64015;0
66391;-9989;63952;0
66583;-9856;63823;0
66679;-9790;63758;0
66870;-9659;63626;0
66966;-9595;63559;0
67158;-9466;63425;0
67254;-9403;63357;0
67446;-9277;63219;0
67543;-9214;63150;0
67736;-9090;63010;0
67833;-9029;62940;0
68027;-8907;62797;0
68124;-8847;62725;0
68319;-8727;62580;0
68416;-8668;62507;0
68607;-8551;62360;0
68703;-8493;62286;0
68895;-8378;62136;0
68991;-8321;62061;0
69184;-8207;61908;0
69281;-8151;61831;0
69475;-8039;61677;0
69571;-7984;61599;0
69765;-7875;61444;0
69862;-7821;61366;0
70056;-7714;61208;0
70153;-7660;61129;0
70348;-7555;60969;0
70446;-7503;60889;0
70642;-7399;60728;0
70740;-7348;60647;0
70938;-7246;60484;0
71037;-7196;60403;0
71236;-7096;60238;0
71335;-7046;60156;0
71533;-6948;59990;0
71632;-6899;59906;0
71829;-6803;59739;0
71927;-6755;59655;0
72124;-6660;59486;0
72223;-6613;59401;0
72420;-6520;59230;0
72518;-6474;59145;0
72714;-6383;58973;0
72813;-6338;58886;0
73009;-6248;58713;0
73108;-6204;58626;0
73303;-6116;58451;0
73400;-6073;58364;0
73594;-5987;58188;0
73692;-5945;58099;0
73886;-5861;57921;0
73984;-5820;57832;0
74179;-5738;57653;0
74277;-5698;57563;0
74473;-5618;57383;0
74571;-5578;57292;0
74767;-5500;57111;0
74865;-5462;57020;0
75062;-5385;56837;0
75161;-5347;56746;0
75358;-5272;56562;0
75457;-5234;56470;0
75655;-5160;56285;0
75754;-5124;56193;0
75952;-5051;56007;0
76051;-5015;55914;0
76150;-4980;55821;0
76349;-4909;55633;0
76449;-4875;55540;0
76648;-4806;55351;0
76748;-4772;55257;0
76948;-4705;55068;0
77048;-4672;54973;0
77248;-4606;54783;0
77349;-4574;54688;0
77549;-4509;54497;0
77650;-4477;54401;0
77851;-4414;54209;0
77952;-4383;54113;0
78153;-4320;53921;0
78254;-4289;53824;0
78456;-4227;53631;0
78557;-4196;53535;0
78764;-4133;53336;0
78871;-4101;53234;0
79082;-4037;53032;0
79186;-4006;52933;0
79390;-3945;52736;0
79492;-3915;52639;0
79594;-3885;52541;0
79797;-3826;52345;0
79899;-3796;52247;0
80103;-3737;52051;0
80205;-3707;51953;0
80410;-3649;51756;0
80512;-3619;51657;0
80725;-3559;51452;0
80836;-3528;51345;0
81049;-3467;51139;0
81154;-3438;51038;0
81364;-3380;50835;0
81467;-3351;50736;0
81673;-3294;50537;0
81776;-3265;50437;0
81982;-3208;50237;0
82086;-3180;50137;0
82293;-3123;49937;0
82401;-3094;49832;0
82625;-3033;49616;0
82736;-3003;49508;0
82955;-2944;49296;0
83063;-2915;49191;0
83276;-2859;48984;0
83380;-2831;48884;0
83589;-2776;48681;0
83694;-2748;48580;0
83905;-2693;48378;0
84010;-2666;48277;0
84221;-2611;48074;0
84327;-2584;47973;0
84538;-2529;47770;0
84644;-2502;47668;0
84856;-2448;47465;0
84964;-2421;47361;0
85182;-2366;47151;0
85288;-2339;47049;0
85501;-2286;46845;0
85607;-2259;46743;0
85820;-2207;46538;0
85927;-2180;46435;0
86144;-2127;46226;0
86254;-2100;46120;0
86477;-2046;45905;0
86590;-2018;45797;0
86815;-1964;45580;0
86925;-1937;45473;0
87141;-1885;45266;0
87248;-1859;45162;0
87467;-1806;44951;0
87580;-1779;44842;0
87806;-1725;44624;0
87920;-1698;44514;0
88146;-1643;44296;0
88258;-1617;44188;0
88481;-1563;43973;0
88597;-1535;43861;0
88834;-1479;43632;0
88950;-1451;43521;0
89178;-1396;43299;0
89290;-1369;43190;0
89507;-1317;42980;0
89615;-1291;42874;0
89838;-1237;42658;0
89953;-1210;42546;0
90183;-1155;42322;0
90297;-1127;42212;0
90515;-1075;42000;0
90623;-1049;41895;0
90839;-998;41685;0
90947;-972;41580;0
91163;-920;41369;0
91272;-894;41264;0
91488;-842;41053;0
91597;-816;40948;0
91814;-764;40737;0
91924;-738;40630;0
92147;-684;40413;0
92259;-657;40304;0
92477;-604;40093;0
92586;-578;39987;0
92804;-525;39775;0
92913;-499;39669;0
93133;-445;39456;0
93247;-418;39345;0
93473;-362;39125;0
93585;-335;39017;0
93804;-282;38804;0
93913;-255;38698;0
94132;-202;38485;0
94241;-175;38379;0
94460;-121;38166;0
94570;-94;38059;0
94790;-41;37845;0
94908;-12;37731;0
95142;46;37503;0
95258;74;37390;0
95490;131;37165;0
95606;159;37052;0
95837;216;36828;0
95953;244;36715;0
96182;300;36493;0
96295;328;36382;0
96519;382;36165;0
96629;409;36057;0
96850;463;35842;0
96965;491;35731;0
97202;548;35501;0
97322;577;35384;0
97561;635;35151;0
97682;664;35033;0
97922;722;34800;0
98039;750;34686;0
98272;806;34460;0
98390;835;34345;0
98622;891;34120;0
98737;918;34008;0
98965;974;33786;0
99079;1001;33674;0
99306;1056;33454;0
99422;1083;33342;0
99654;1139;33116;0
99770;1167;33003;0
100005;1223;32775;0
100122;1251;32661;0
100350;1305;32440;0
100465;1333;32329;0
100696;1387;32104;0
100810;1414;31994;0
101044;1470;31767;0
101162;1498;31653;0
101398;1553;31424;0
101517;1582;31308;0
101758;1639;31075;0
101876;1667;30960;0
102109;1722;30735;0
102222;1748;30625;0
102448;1802;30405;0
102561;1829;30296;0
102788;1883;30076;0
102901;1910;29966;0
103127;1964;29747;0
103241;1991;29637;0
103470;2046;29415;0
103590;2074;29299;0
103826;2131;29069;0
103943;2160;28956;0
104173;2215;28733;0
104287;2243;28623;0
104516;2298;28401;0
104632;2327;28288;0
104867;2384;28061;0
104986;2413;27946;0
105228;2472;27712;0
105349;2502;27595;0
105590;2561;27362;0
105710;2591;27245;0
105946;2649;27016;0
106063;2678;26904;0
106297;2735;26677;0
106416;2765;26562;0
106654;2824;26332;0
106774;2853;26216;0
107017;2914;25980;0
107139;2944;25863;0
107382;3005;25627;0
107505;3036;25508;0
107749;3097;25272;0
107872;3128;25153;0
108118;3189;24916;0
108241;3220;24797;0
108490;3283;24556;0
108614;3314;24436;0
108859;3376;24200;0
108981;3407;24081;0
109224;3469;23846;0
109346;3500;23729;0
109587;3562;23496;0
109708;3593;23379;0
109949;3654;23146;0
110068;3685;23031;0
110308;3746;22800;0
110432;3778;22680;0
110674;3840;22446;0
110793;3870;22332;0
111032;3932;22101;0
111151;3962;21986;0
111385;4023;21760;0
111504;4053;21645;0
111745;4115;21412;0
111867;4147;21295;0
112113;4210;21058;0
112234;4242;20941;0
112483;4306;20701;0
112604;4337;20583;0
112843;4399;20353;0
112965;4431;20236;0
113206;4494;20003;0
113327;4525;19886;0
113576;4590;19646;0
113701;4622;19526;0
113944;4686;19292;0
114067;4718;19174;0
114313;4782;18936;0
114431;4813;18822;0
114672;4877;18590;0
114790;4908;18476;0
115025;4969;18250;0
115142;5000;18137;0
115380;5062;17908;0
115503;5095;17789;0
115749;5160;17552;0
115871;5192;17434;0
116109;5255;17205;0
116228;5286;17091;0
116463;5348;16865;0
116580;5379;16752;0
116820;5442;16521;1
116945;5476;16400;1
117197;5542;16157;1
117327;5576;16032;1
117581;5644;15787;1
117706;5677;15667;1
117967;5745;15415;1
118097;5780;15289;1
118350;5846;15045;1
118477;5880;14923;1
118726;5945;14683;1
118847;5977;14565;1
119095;6042;14327;1
119220;6075;14206;1
119470;6140;13964;1
119593;6172;13846;1
119841;6236;13606;1
119966;6268;13486;1
120216;6333;13244;1
120340;6365;13124;1
120584;6428;12888;1
120705;6458;12772;1
120941;6519;12544;1
121059;6549;12429;1
121295;6609;12201;1
121413;6639;12087;1
121655;6701;11853;1
121778;6732;11735;1
122020;6794;11500;1
122139;6824;11385;1
122377;6885;11156;1
122495;6915;11041;1
122732;6976;10812;1
122850;7007;10698;1
123087;7068;10469;1
123206;7098;10355;1
123443;7159;10126;1
123565;7191;10008;1
123812;7255;9769;1
123934;7287;9651;1
124184;7352;9410;1
124307;7384;9291;1
124548;7447;9058;1
124672;7480;8939;1
124918;7544;8700;1
125042;7576;8581;1
125289;7641;8343;1
125410;7673;8226;1
125648;7735;7996;1
125766;7766;7882;1
126003;7828;7653;1
126120;7859;7540;1
126354;7920;7314;1
126470;7951;7202;1
126700;8011;6980;1
126814;8041;6870;1
127040;8100;6652;1
127151;8129;6544;1
127390;8191;6314;1
127510;8222;6197;1
127744;8283;5971;1
127855;8312;5864;1
128070;8367;5656;1
128175;8394;5554;1
128383;8447;5353;1
128486;8474;5253;1
128695;8526;5051;1
128800;8553;4950;1
129005;8605;4751;1
129110;8631;4650;1
129317;8682;4449;1
129418;8708;4351;1
129620;8757;4156;1
129720;8782;4059;1
129911;8829;3873;1
130004;8851;3783;1
130191;8897;3602;1
130281;8918;3514;1
130460;8961;3341;1
130549;8983;3254;1
130725;9024;3084;1
130811;9045;3000;1
130981;9085;2835;1
131065;9104;2753;1
131232;9143;2591;1
131314;9162;2510;1
131478;9199;2351;1
131558;9217;2273;1
131718;9252;2117;1
131797;9269;2040;1
131953;9303;1888;1
132030;9319;1813;1
132182;9351;1664;1
132257;9366;1590;1
132405;9396;1445;1
132478;9410;1373;1
132623;9438;1231;1
132694;9451;1160;1
132836;9477;1020;1
132911;9490;947;1
133062;9515;797;1
133134;9526;726;1
133274;9547;587;1
133341;9557;520;1
133474;9574;388;1
133540;9583;322;1
133670;9598;193;1
133734;9606;128;1
133861;9619;1;1
133923;9624;-62;1
134047;9635;-186;1
134108;9640;-248;1
134229;9648;-370;1
134289;9651;-430;1
134407;9657;-550;1
134465;9659;-610;1
134581;9662;-728;1
134638;9662;-786;1
134695;9663;-845;1
134808;9662;-960;1
134864;9661;-1018;1
134974;9658;-1132;1
135028;9656;-1188;1
135136;9650;-1300;1
135189;9647;-1355;1
135297;9639;-1464;1
135351;9635;-1519;1
135459;9625;-1626;1
135512;9619;-1679;1
135618;9607;-1784;1
135671;9600;-1836;1
135776;9585;-1939;1
135828;9577;-1990;1
135933;9560;-2091;1
135985;9551;-2141;1
136090;9532;-2241;1
136143;9522;-2291;1
136248;9500;-2389;1
136302;9488;-2439;1
136409;9463;-2537;1
136464;9450;-2586;1
136573;9423;-2683;1
136629;9409;-2732;1
136741;9380;-2829;1
136798;9364;-2878;1
136911;9332;-2974;1
136968;9316;-3023;1
137082;9281;-3119;1
137139;9264;-3167;1
137255;9227;-3264;1
137313;9208;-3312;1
137430;9170;-3408;1
137489;9150;-3456;1
137608;9109;-3552;1
137668;9088;-3600;1
137789;9046;-3696;1
137850;9024;-3744;1
137973;8979;-3840;1
138036;8956;-3888;1
138162;8910;-3984;1
138226;8886;-4032;1
138355;8837;-4127;1
138420;8813;-4175;1
138482;8787;-4223;1
138545;8762;-4271;1
138670;8710;-4366;1
138733;8683;-4413;1
138858;8629;-4508;1
138920;8601;-4555;1
139045;8544;-4649;1
139108;8515;-4695;1
139171;8486;-4742;1
139233;8457;-4788;1
139359;8397;-4881;1
139421;8366;-4926;1
139547;8304;-5018;1
139610;8272;-5063;1
139736;8207;-5152;1
139799;8174;-5197;1
139926;8106;-5285;1
139989;8072;-5328;1
140123;8002;-5414;1
140191;7967;-5457;1
140326;7895;-5542;1
140392;7858;-5583;1
140524;7784;-5666;1
140590;7747;-5707;1
140655;7709;-5747;1
140719;7670;-5788;1
140848;7593;-5867;1
140912;7553;-5906;1
141038;7474;-5984;1
141101;7433;-6022;1
141226;7351;-6098;1
141289;7310;-6135;1
141413;7225;-6208;1
141475;7183;-6244;1
141600;7096;-6315;1
141662;7052;-6351;1
141785;6963;-6420;1
141847;6918;-6454;1
141969;6827;-6522;1
142030;6780;-6555;1
142152;6686;-6621;1
142212;6639;-6653;1
142333;6542;-6718;1
142393;6493;-6749;1
142513;6394;-6812;1
142573;6344;-6843;1
142633;6293;-6873;1
142753;6191;-6934;1
142813;6139;-6964;1
142933;6034;-7022;1
142993;5981;-7051;1
143113;5874;-7108;1
143173;5820;-7136;1
143293;5711;-7191;1
143353;5655;-7218;1
143475;5544;-7271;1
143536;5487;-7297;1
143597;5430;-7323;1
143721;5316;-7373;1
143783;5258;-7398;1
143908;5141;-7446;1
143971;5082;-7470;1
144097;4964;-7516;1
144161;4904;-7538;1
144288;4783;-7582;1
144353;4722;-7604;1
144482;4600;-7646;1
144546;4538;-7666;1
144677;4414;-7706;1
144742;4351;-7725;1
144874;4225;-7763;1
144940;4161;-7781;1
145072;4033;-7817;1
145139;3969;-7835;1
145272;3840;-7868;1
145339;3775;-7885;1
145407;3710;-7901;1
145541;3579;-7933;1
145609;3513;-7948;1
145744;3380;-7978;1
145812;3314;-7993;1
145949;3180;-8021;1
146018;3113;-8036;1
146155;2979;-8064;1
146224;2911;-8078;1
146294;2843;-8093;1
146433;2707;-8121;1
146502;2639;-8135;1
146642;2501;-8164;1
146713;2432;-8178;1
146854;2294;-8207;1
146924;2225;-8221;1
147065;2085;-8249;1
147136;2015;-8263;1
147278;1875;-8292;1
147350;1804;-8305;1
147493;1663;-8333;1
147565;1592;-8347;1
147637;1520;-8360;1
147781;1377;-8386;1
147853;1305;-8399;1
147999;1161;-8424;1
148072;1088;-8436;1
148218;943;-8460;1
148291;869;-8471;1
148439;722;-8493;1
148513;649;-8503;1
148661;500;-8522;1
148735;426;-8532;1
148884;277;-8549;1
148959;202;-8557;1
149109;51;-8572;1
149184;-25;-8579;1
149335;-176;-8592;1
149411;-253;-8598;1
149563;-406;-8608;1
149639;-482;-8613;1
149716;-559;-8617;1
149869;-713;-8624;1
149945;-791;-8627;1
150099;-946;-8632;1
150177;-1024;-8634;1
150332;-1180;-8637;1
150409;-1258;-8638;1
150564;-1416;-8639;1
150642;-1494;-8639;1
150798;-1652;-8638;1
150876;-1731;-8637;1
151033;-1890;-8634;1
151112;-1970;-8632;1
151269;-2129;-8627;1
151348;-2209;-8624;1
151507;-2369;-8617;1
151586;-2450;-8612;1
151745;-2610;-8603;1
151825;-2691;-8598;1
151985;-2852;-8586;1
152065;-2933;-8580;1
152226;-3095;-8567;1
152307;-3176;-8560;1
152388;-3257;-8553;1
152469;-3339;-8545;1
152633;-3502;-8528;1
152715;-3583;-8519;1
152880;-3747;-8500;1
152962;-3828;-8490;1
153128;-3992;-8469;1
153211;-4074;-8458;1
153377;-4238;-8434;1
153461;-4320;-8421;1
153628;-4485;-8394;1
153713;-4567;-8380;1
153882;-4731;-8350;1
153966;-4814;-8335;1
154137;-4978;-8302;1
154222;-5061;-8284;1
154308;-5143;-8266;1
154480;-5307;-8229;1
154566;-5390;-8209;1
154739;-5554;-8169;1
154825;-5636;-8147;1
154999;-5800;-8103;1
155085;-5882;-8081;1
155260;-6046;-8033;1
155347;-6128;-8009;1
155522;-6292;-7958;1
155610;-6373;-7932;1
155786;-6536;-7878;1
155875;-6618;-7850;1
156052;-6781;-7793;1
156141;-6862;-7764;1
156320;-7024;-7704;1
156410;-7105;-7673;1
156590;-7267;-7610;1
156680;-7348;-7578;1
156861;-7510;-7513;1
156951;-7591;-7479;1
157132;-7752;-7411;1
157223;-7833;-7377;1
157404;-7993;-7307;1
157495;-8074;-7271;1
157678;-8235;-7199;1
157769;-8315;-7162;1
157952;-8475;-7087;1
158044;-8555;-7049;1
158228;-8715;-6973;1
158321;-8795;-6934;1
158508;-8955;-6855;1
158602;-9035;-6815;1
158791;-9194;-6735;1
158886;-9274;-6694;1
159074;-9433;-6611;1
159169;-9512;-6569;1
159357;-9671;-6484;1
159452;-9750;-6441;1
159640;-9907;-6353;1
159735;-9986;-6308;1
159924;-10142;-6217;1
160019;-10220;-6171;1
160208;-10376;-6077;1
160303;-10453;-6029;1
160489;-10607;-5932;1
160580;-10684;-5883;1
160763;-10836;-5783;1
160855;-10912;-5732;1
161038;-11063;-5628;1
161130;-11138;-5576;1
161315;-11287;-5469;1
161407;-11361;-5415;1
161591;-11509;-5305;1
161684;-11582;-5249;1
161869;-11728;-5136;1
161961;-11800;-5079;1
162146;-11944;-4964;1
162239;-12015;-4905;1
162428;-12157;-4787;1
162524;-12228;-4727;1
162716;-12369;-4606;1
162812;-12439;-4545;1
163002;-12577;-4422;1
163097;-12647;-4360;1
163287;-12784;-4234;1
163381;-12852;-4170;1
163570;-12988;-4042;1
163665;-13056;-3978;1
163853;-13190;-3847;1
163947;-13257;-3782;1
164136;-13390;-3650;1
164230;-13457;-3583;1
164417;-13588;-3449;1
164511;-13654;-3381;1
164698;-13785;-3245;1
164792;-13850;-3177;1
164980;-13979;-3039;1
165074;-14044;-2970;1
165263;-14172;-2830;1
165358;-14236;-2760;1
165452;-14300;-2690;1
165547;-14363;-2619;1
165737;-14490;-2477;1
165832;-14553;-2405;1
166023;-14678;-2262;1
166118;-14740;-2189;1
166309;-14865;-2044;1
166405;-14926;-1971;1
166596;-15049;-1824;1
166692;-15110;-1750;1
166884;-15232;-1601;1
166980;-15293;-1526;1
167172;-15413;-1376;1
167268;-15473;-1301;1
167461;-15593;-1149;1
167558;-15652;-1073;1
167751;-15770;-920;1
167848;-15829;-843;1
167944;-15888;-766;1
168138;-16005;-611;1
168235;-16063;-534;1
168429;-16179;-377;1
168527;-16236;-299;1
168721;-16351;-141;1
168819;-16408;-62;1
169014;-16521;97;1
169112;-16578;177;1
169307;-16690;337;1
169407;-16746;419;1
169607;-16860;584;1
169706;-16916;666;1
169903;-17026;829;1
170001;-17081;911;1
170198;-17190;1075;1
170296;-17245;1157;1
170493;-17354;1322;1
170592;-17408;1404;1
170789;-17516;1570;1
170888;-17570;1653;1
171085;-17678;1819;1
171184;-17732;1902;1
171382;-17840;2069;1
171482;-17893;2153;1
171680;-18001;2320;1
171779;-18055;2404;1
171978;-18162;2572;1
172078;-18216;2656;1
172277;-18323;2824;1
172377;-18377;2908;1
172477;-18431;2993;1
172577;-18485;3077;1
172777;-18594;3246;1
172877;-18648;3330;1
173078;-18757;3499;1
173178;-18811;3583;1
173379;-18920;3752;1
173479;-18975;3837;1
173681;-19084;4006;1
173782;-19139;4090;1
173983;-19249;4260;1
174084;-19304;4344;1
174286;-19414;4514;1
174387;-19470;4599;1
174590;-19580;4768;1
174691;-19635;4853;1
174894;-19746;5023;1
174995;-19802;5108;1
175097;-19857;5193;1
175198;-19913;5279;1
175402;-20024;5449;1
175504;-20079;5534;1
175707;-20191;5705;1
175809;-20247;5790;1
176013;-20358;5961;1
176115;-20414;6046;1
176320;-20527;6217;1
176422;-20583;6303;1
176627;-20696;6473;1
176729;-20752;6559;1
176934;-20866;6729;1
177036;-20923;6814;1
177242;-21037;6985;1
177344;-21094;7070;1
177550;-21209;7240;1
177653;-21267;7325;1
177859;-21383;7496;1
177962;-21441;7581;1
178168;-21557;7751;1
178271;-21616;7835;1
178478;-21733;8005;1
178581;-21791;8091;1
178788;-21908;8261;1
178892;-21967;8346;1
179099;-22084;8516;1
179203;-22143;8602;1
179410;-22260;8773;1
179514;-22318;8858;1
179721;-22435;9030;1
179825;-22494;9115;1
180033;-22610;9287;1
180137;-22668;9373;1
180346;-22785;9546;1
180450;-22843;9632;1
180658;-22959;9805;1
180763;-23017;9892;1
180971;-23134;10065;1
181076;-23192;10151;1
181285;-23308;10325;1
181389;-23367;10411;1
181599;-23483;10585;1
181703;-23542;10672;1
181912;-23658;10845;1
182017;-23717;10932;1
182226;-23834;11105;1
182331;-23892;11192;1
182541;-24010;11365;1
182645;-24068;11452;1
182855;-24186;11625;1
182960;-24245;11712;1
183170;-24363;11886;1
183275;-24422;11972;1
183486;-24541;12146;1
183591;-24600;12232;1
183813;-24726;12415;1
183921;-24787;12504;1
184141;-24912;12685;1
184256;-24977;12780;1
184477;-25103;12961;1
184586;-25165;13051;1
184803;-25288;13229;1
184909;-25349;13316;1
185121;-25469;13490;1
185226;-25529;13576;1
185438;-25649;13750;1
185544;-25710;13837;1
185759;-25832;14014;1
185868;-25894;14103;1
186083;-26016;14280;1
186193;-26078;14370;1
186412;-26203;14550;1
186522;-26266;14641;1
186742;-26390;14821;1
186851;-26452;14911;1
187066;-26574;15087;1
187173;-26635;15175;1
187386;-26756;15350;1
187492;-26817;15437;1
187705;-26938;15612;1
187812;-26999;15700;1
188025;-27120;15875;1
188132;-27181;15962;1
188357;-27309;16146;1
188475;-27377;16244;1
188707;-27509;16433;1
188825;-27576;16530;1
189059;-27710;16721;1
189173;-27775;16814;1
189397;-27904;16998;1
189507;-27967;17087;1
189728;-28094;17268;1
189841;-28159;17359;1
190066;-28289;17543;1
190179;-28355;17635;1
190403;-28484;17817;1
190514;-28549;17907;1
190731;-28675;18084;1
190840;-28738;18172;1
191055;-28864;18346;1
191163;-28927;18433;1
191379;-29053;18608;1
191488;-29118;18696;1
191709;-29248;18874;1
191817;-29312;18961;1
192034;-29440;19135;1
192142;-29504;19222;1
192357;-29632;19394;1
192464;-29696;19479;1
192677;-29824;19649;1
192783;-29888;19733;1
192993;-30016;19900;1
193098;-30080;19982;1
193305;-30208;20145;1
193408;-30272;20225;1
193611;-30400;20384;1
193712;-30463;20462;1
193913;-30591;20616;1
194012;-30655;20693;1
194209;-30782;20843;1
194307;-30846;20917;1
194500;-30973;21063;1
194596;-31036;21135;1
194786;-31164;21276;1
194880;-31227;21346;1
195066;-31354;21484;1
195159;-31418;21551;1
195346;-31547;21688;1
195440;-31613;21756;1
195625;-31744;21889;1
195715;-31808;21954;1
195891;-31935;22079;1
195979;-31998;22140;1
196152;-32125;22261;1
196239;-32188;22321;1
196411;-32315;22438;1
196496;-32378;22495;1
196666;-32504;22609;1
196751;-32568;22665;1
196920;-32694;22775;1
197004;-32757;22829;1
197171;-32884;22936;1
197254;-32947;22988;1
197420;-33073;23091;1
197503;-33136;23142;1
197667;-33261;23242;1
197749;-33324;23291;1
197913;-33449;23388;1
197994;-33512;23435;1
198157;-33636;23528;1
198240;-33699;23573;1
198403;-33824;23663;1
198485;-33886;23706;1
198646;-34011;23792;1
198726;-34073;23834;1
198885;-34199;23917;1
198964;-34262;23957;1
199122;-34388;24036;1
199201;-34451;24075;1
199359;-34578;24151;1
199438;-34642;24188;1
199595;-34771;24261;1
199674;-34836;24296;1
199833;-34966;24365;1
199912;-35031;24399;1
200071;-35163;24465;1
200151;-35229;24497;1
200304;-35362;24560;1
200381;-35428;24591;1
200534;-35563;24650;1
200610;-35630;24679;1
200761;-35765;24735;1
200837;-35833;24763;1
200913;-35901;24789;1
200988;-35970;24816;1
201139;-36107;24866;1
201214;-36176;24891;1
201364;-36314;24938;1
201439;-36383;24961;1
201589;-36523;25005;1
201664;-36593;25026;1
201814;-36733;25067;1
201888;-36803;25086;1
202038;-36944;25123;1
202113;-37015;25141;1
202264;-37156;25175;1
202339;-37227;25191;1
202488;-37370;25221;1
202563;-37441;25235;1
202711;-37584;25261;1
202785;-37656;25273;1
202933;-37800;25295;1
203007;-37872;25306;1
203155;-38016;25324;1
203229;-38088;25333;1
203302;-38161;25341;1
203376;-38233;25348;1
203524;-38379;25361;1
203597;-38452;25366;1
203745;-38598;25375;1
203819;-38671;25379;1
203967;-38817;25384;1
204042;-38891;25386;1
204190;-39038;25388;1
204265;-39111;25389;1
204414;-39258;25387;1
204488;-39332;25385;1
204636;-39479;25380;1
204711;-39553;25377;1
204785;-39627;25372;1
204860;-39701;25368;1
205008;-39848;25356;1
205083;-39922;25350;1
205232;-40069;25335;1
205307;-40143;25326;1
205456;-40290;25308;1
205531;-40364;25297;1
205681;-40511;25275;1
205757;-40585;25263;1
205907;-40732;25238;1
206059;-40879;25209;1
206135;-40952;25195;1
206286;-41098;25163;1
206437;-41245;25129;1
206513;-41318;25111;1
206589;-41391;25093;1
206741;-41536;25054;1
206817;-41609;25034;1
206970;-41755;24992;1
207046;-41828;24971;1
207200;-41973;24925;1
207277;-42046;24902;1
207432;-42190;24854;1
207509;-42263;24829;1
207665;-42407;24777;1
207743;-42480;24751;1
207900;-42624;24696;1
207978;-42695;24668;1
208136;-42839;24610;1
208216;-42911;24580;1
208374;-43053;24519;1
208454;-43125;24488;1
208613;-43267;24424;1
208692;-43338;24391;1
208852;-43479;24324;1
208932;-43550;24289;1
209093;-43690;24219;1
209173;-43760;24183;1
209335;-43900;24109;1
209416;-43969;24071;1
209578;-44108;23994;1
209659;-44177;23955;1
209823;-44314;23874;1
209905;-44382;23834;1
210069;-44517;23750;1
210151;-44585;23708;1
210316;-44718;23621;1
210400;-44785;23577;1
210568;-44917;23488;1
210652;-44982;23442;1
210820;-45112;23350;1
210904;-45176;23303;1
211072;-45304;23207;1
211157;-45367;23159;1
211326;-45493;23061;1
211410;-45555;23011;1
211580;-45679;22909;1
211665;-45740;22858;1
211837;-45862;22754;1
211923;-45922;22701;1
212095;-46042;22594;1
212182;-46101;22540;1
212357;-46219;22430;1
212444;-46277;22374;1
212618;-46392;22262;1
212705;-46450;22205;1
212878;-46563;22090;1
212965;-46620;22032;1
213139;-46731;21914;1
213225;-46787;21855;1
213399;-46897;21735;1
213486;-46951;21674;1
213661;-47059;21551;1
213748;-47112;21489;1
213923;-47217;21364;1
214011;-47269;21301;1
214186;-47372;21173;1
214273;-47423;21108;1
214447;-47523;20977;1
214533;-47572;20911;1
214706;-47670;20777;1
214792;-47718;20710;1
214964;-47813;20574;1
215050;-47860;20506;1
215221;-47953;20368;1
215307;-47999;20298;1
215479;-48090;20158;1
215564;-48135;20087;1
215734;-48223;19944;1
215818;-48267;19873;1
215986;-48353;19728;1
216069;-48395;19655;1
216236;-48478;19508;1
216319;-48519;19434;1
216486;-48600;19285;1
216568;-48639;19210;1
216734;-48717;19059;1
216816;-48756;18983;1
216981;-48831;18830;1
217064;-48868;18753;1
217229;-48941;18598;1
217312;-48977;18520;1
217479;-49047;18364;1
217562;-49082;18285;1
217730;-49149;18128;1
217814;-49182;18048;1
217982;-49247;17889;1
218066;-49278;17809;1
218234;-49339;17649;1
218318;-49369;17569;1
218487;-49426;17408;1
218571;-49454;17327;1
218739;-49509;17165;1
218824;-49536;17084;1
218992;-49587;16922;1
219076;-49612;16841;1
219244;-49661;16678;1
219329;-49685;16596;1
219496;-49730;16433;1
219581;-49752;16351;1
219749;-49795;16187;1
219833;-49815;16105;1
220002;-49854;15940;1
220086;-49873;15858;1
220255;-49909;15692;1
220339;-49926;15609;1
220508;-49959;15443;1
220592;-49974;15360;1
220761;-50004;15193;1
220846;-50018;15109;1
221015;-50044;14941;1
221099;-50057;14857;1
221269;-50081;14688;1
221354;-50092;14603;1
221523;-50113;14434;1
221609;-50124;14349;1
221780;-50143;14178;1
221865;-50153;14093;1
222037;-50171;13922;1
222122;-50181;13836;1
222208;-50190;13750;1
222380;-50209;13579;1
222465;-50219;13494;1
222636;-50239;13324;1
222720;-50249;13240;1
222888;-50270;13073;1
222971;-50281;12991;1
223135;-50303;12828;1
223216;-50314;12747;1
223376;-50336;12588;1
223455;-50347;12510;1
223612;-50370;12354;1
223689;-50381;12278;1
223842;-50403;12127;1
223917;-50413;12052;1
224066;-50434;11904;1
224140;-50444;11831;1
224213;-50454;11759;1
224284;-50464;11687;1
224426;-50483;11545;1
224496;-50491;11474;1
224635;-50508;11334;1
224704;-50516;11265;1
224840;-50531;11127;1
224908;-50538;11059;1
225042;-50550;10924;1
225108;-50556;10858;1
225239;-50567;10726;1
225304;-50571;10661;1
225432;-50580;10532;1
225495;-50583;10468;1
225621;-50590;10342;1
225683;-50592;10279;1
225805;-50596;10156;1
225866;-50597;10095;1
225986;-50599;9975;1
226045;-50599;9915;1
226163;-50599;9797;1
226221;-50598;9738;1
226336;-50595;9622;1
226392;-50593;9565;1
226505;-50588;9451;1
226561;-50585;9395;1
226671;-50578;9285;1
226725;-50574;9230;1
226832;-50566;9122;1
226886;-50562;9069;1
226991;-50552;8965;1
227042;-50547;8913;1
227145;-50537;8811;1
227196;-50531;8761;1
227296;-50520;8661;1
227345;-50513;8613;1
227394;-50507;8564;1
227443;-50501;8516;1
227539;-50487;8422;1
227587;-50480;8375;1
227681;-50465;8283;1
227728;-50458;8238;1
227820;-50442;8149;1
227865;-50434;8105;1
227956;-50417;8018;1
228000;-50409;7976;1
228088;-50391;7892;1
228132;-50382;7850;1
228218;-50364;7769;1
228260;-50354;7728;1
228345;-50335;7649;1
228386;-50325;7610;1
228427;-50315;7571;1
228468;-50304;7533;1
228550;-50283;7458;1
228590;-50273;7421;1
228669;-50251;7349;1
228708;-50239;7313;1
228786;-50216;7242;1
228825;-50204;7208;1
228901;-50180;7139;1
228939;-50168;7106;1
229014;-50143;7040;1
229052;-50130;7007;1
229126;-50103;6942;1
229164;-50090;6911;1
229238;-50062;6848;1
229275;-50048;6817;1
229352;-50019;6755;1
229392;-50004;6725;1
229470;-49974;6664;1
229509;-49958;6634;1
229587;-49926;6575;1
229626;-49910;6546;1
229703;-49876;6488;1
229742;-49859;6459;1
229819;-49824;6403;1
229858;-49806;6375;1
229936;-49769;6319;1
229974;-49750;6291;1
230053;-49712;6237;1
230092;-49692;6210;1
230170;-49652;6157;1
230210;-49631;6131;1
230290;-49589;6080;1
230330;-49568;6054;1
230411;-49524;6004;1
230452;-49502;5979;1
230493;-49479;5954;1
230577;-49433;5906;1
230619;-49410;5882;1
230705;-49362;5835;1
230749;-49338;5812;1
230836;-49288;5767;1
230880;-49263;5745;1
230965;-49212;5701;1
231008;-49186;5680;1
231092;-49133;5638;1
231134;-49106;5618;1
231175;-49079;5597;1
231217;-49051;5578;1
231299;-48996;5539;1
231340;-48968;5520;1
231422;-48910;5484;1
231463;-48882;5466;1
231544;-48823;5431;1
231585;-48793;5414;1
231667;-48734;5382;1
231708;-48703;5366;1
231790;-48642;5335;1
231831;-48611;5321;1
231914;-48549;5292;1
231955;-48518;5279;1
231997;-48486;5265;1
232081;-48422;5240;1
232124;-48390;5228;1
232209;-48326;5205;1
232252;-48293;5194;1
232334;-48228;5173;1
232375;-48195;5163;1
232456;-48129;5145;1
232496;-48095;5137;1
232576;-48029;5121;1
232615;-47995;5113;1
232694;-47928;5100;1
232733;-47895;5094;1
232771;-47861;5088;1
232849;-47793;5078;1
232887;-47759;5073;1
232964;-47691;5065;1
233002;-47657;5062;1
233078;-47589;5057;1
233116;-47555;5055;1
233192;-47486;5052;1
233231;-47452;5051;1
233307;-47383;5051;1
233345;-47349;5051;1
233422;-47280;5053;1
233461;-47245;5055;1
233499;-47211;5057;1
233577;-47142;5062;1
233616;-47108;5065;1
233695;-47038;5073;1
233734;-47004;5077;1
233811;-46935;5087;1
233848;-46900;5093;1
233922;-46831;5106;1
233959;-46796;5112;1
234033;-46726;5127;1
234071;-46692;5135;1
234145;-46622;5153;1
234183;-46587;5162;1
234258;-46517;5182;1
234295;-46482;5192;1
234371;-46413;5215;1
234409;-46378;5226;1
234485;-46308;5251;1
234523;-46273;5264;1
234599;-46204;5291;1
234638;-46169;5305;1
234714;-46100;5334;1
234753;-46065;5349;1
234830;-45995;5380;1
234869;-45961;5395;1
234947;-45891;5428;1
234987;-45857;5445;1
235065;-45788;5480;1
235105;-45753;5498;1
235184;-45684;5534;1
235224;-45649;5553;1
235303;-45580;5591;1
235342;-45546;5611;1
235422;-45477;5650;1
235462;-45442;5671;1
235543;-45373;5712;1
235584;-45338;5733;1
235666;-45268;5776;1
235707;-45233;5798;1
235790;-45163;5842;1
235832;-45127;5864;1
235916;-45056;5909;1
235959;-45019;5932;1
236045;-44946;5977;1
236089;-44909;6000;1
236176;-44834;6046;1
236221;-44796;6069;1
236310;-44720;6114;1
236355;-44681;6137;1
236445;-44603;6183;1
236491;-44564;6206;1
236583;-44483;6251;1
236630;-44443;6274;1
236724;-44361;6319;1
236771;-44320;6342;1
236866;-44236;6386;1
236914;-44194;6409;1
237010;-44108;6453;1
237059;-44065;6475;1
237107;-44022;6497;1
237205;-43934;6540;1
237255;-43889;6562;1
237354;-43800;6605;1
237404;-43754;6627;1
237505;-43663;6670;1
237555;-43617;6691;1
237657;-43523;6734;1
237708;-43476;6755;1
237811;-43381;6797;1
237863;-43333;6818;1
237969;-43236;6860;1
238026;-43187;6880;1
238139;-43089;6921;1
238196;-43039;6941;1
238311;-42939;6981;1
238368;-42888;7001;1
238485;-42786;7040;1
238543;-42734;7059;1
238661;-42630;7096;1
238720;-42578;7115;1
238838;-42474;7150;1
238896;-42422;7167;1
238955;-42370;7184;1
239072;-42267;7217;1
239130;-42215;7232;1
239245;-42112;7262;1
239303;-42061;7276;1
239418;-41959;7304;1
239476;-41908;7317;1
239590;-41807;7342;1
239651;-41757;7354;1
239772;-41656;7377;1
239831;-41606;7387;1
239890;-41555;7397;1
240006;-41456;7416;1
240064;-41406;7425;1
240178;-41306;7442;1
240234;-41257;7449;1
240346;-41159;7463;1
240402;-41110;7469;1
240511;-41012;7480;1
240566;-40963;7485;1
240674;-40867;7493;1
240728;-40819;7497;1
240835;-40723;7502;1
240888;-40676;7504;1
240994;-40581;7507;1
241047;-40534;7508;1
241151;-40441;7508;1
241201;-40394;7508;1
241301;-40302;7505;1
241350;-40256;7503;1
241448;-40165;7498;1
241496;-40120;7495;1
241592;-40029;7488;1
241640;-39985;7483;1
241687;-39940;7478;1
241735;-39895;7473;1
241829;-39807;7461;1
241876;-39763;7455;1
241969;-39675;7440;1
242015;-39631;7433;1
242108;-39544;7416;1
242155;-39501;7407;1
242247;-39415;7387;1
242293;-39373;7377;1
242339;-39330;7366;1
242431;-39246;7343;1
242477;-39204;7331;1
242570;-39121;7306;1
242616;-39080;7293;1
242708;-38998;7265;1
242754;-38957;7250;1
242845;-38877;7221;1
242890;-38838;7205;1
242978;-38759;7174;1
243022;-38721;7157;1
243109;-38644;7123;1
243153;-38606;7105;1
243239;-38532;7069;1
243282;-38495;7050;1
243324;-38458;7031;1
243409;-38385;6991;1
243451;-38350;6971;1
243536;-38279;6929;1
243578;-38244;6907;1
243662;-38174;6863;1
243704;-38140;6840;1
243788;-38072;6794;1
243830;-38039;6770;1
243914;-37973;6721;1
243957;-37940;6696;1
244041;-37876;6645;1
244083;-37844;6619;1
244168;-37781;6566;1
244211;-37750;6539;1
244297;-37689;6483;1
244340;-37659;6455;1
244425;-37600;6398;1
244468;-37571;6369;1
244552;-37513;6309;1
244594;-37485;6279;1
244678;-37430;6218;1
244720;-37403;6187;1
244804;-37349;6124;1
244887;-37297;6059;1
244928;-37272;6027;1
245011;-37222;5961;1
245052;-37198;5927;1
245135;-37151;5859;1
245176;-37127;5825;1
245258;-37082;5756;1
245299;-37060;5721;1
245382;-37018;5650;1
245423;-36997;5614;1
245464;-36977;5578;1
245505;-36957;5542;1
245588;-36918;5468;1
245629;-36899;5431;1
245712;-36863;5357;1
245753;-36846;5319;1
245837;-36812;5243;1
245878;-36796;5205;1
245963;-36765;5128;1
246005;-36751;5089;1
246090;-36722;5011;1
246131;-36709;4972;1
246215;-36683;4893;1
246257;-36671;4854;1
246298;-36660;4814;1
246340;-36648;4774;1
246423;-36627;4693;1
246465;-36617;4653;1
246548;-36599;4571;1
246590;-36590;4530;1
246674;-36574;4447;1
246716;-36567;4406;1
246801;-36554;4322;1
246843;-36548;4280;1
246886;-36542;4238;1
246972;-36533;4153;1
247016;-36529;4110;1
247103;-36522;4024;1
247147;-36520;3981;1
247235;-36516;3894;1
247280;-36515;3851;1
247371;-36514;3764;1
247416;-36514;3720;1
247462;-36515;3676;1
247509;-36516;3632;1
247602;-36520;3543;1
247649;-36523;3499;1
247742;-36529;3410;1
247789;-36533;3365;1
247883;-36542;3275;1
247930;-36548;3230;1
248025;-36560;3139;1
248073;-36566;3093;1
248169;-36581;3002;1
248217;-36589;2956;1
248315;-36607;2864;1
248364;-36616;2818;1
248463;-36637;2725;1
248513;-36648;2679;1
248563;-36659;2633;1
248665;-36684;2540;1
248717;-36696;2493;1
248821;-36724;2401;1
248874;-36738;2354;1
248981;-36769;2261;1
249035;-36785;2215;1
249138;-36818;2122;1
249190;-36835;2076;1
249294;-36872;1983;1
249346;-36891;1937;1
249451;-36930;1844;1
249504;-36950;1798;1
249610;-36991;1704;1
249663;-37013;1658;1
249770;-37056;1564;1
249824;-37079;1518;1
249932;-37124;1424;1
249986;-37147;1377;1
250096;-37194;1282;1
250151;-37218;1234;1
250261;-37266;1139;1
250317;-37290;1090;1
250429;-37339;993;1
250486;-37364;945;1
250599;-37413;847;1
250710;-37463;748;1
250765;-37489;699;1
250877;-37540;600;1
250933;-37566;550;1
251045;-37619;450;1
251101;-37646;401;1
251214;-37701;301;1
251270;-37729;251;1
251384;-37786;150;1
251441;-37815;100;1
251498;-37844;50;1
251612;-37904;-50;1
251670;-37935;-100;1
251786;-37997;-200;1
251844;-38029;-250;1
251961;-38094;-349;1
252019;-38127;-399;1
252137;-38194;-498;1
252197;-38228;-548;1
252316;-38298;-646;1
252376;-38334;-696;1
252497;-38406;-794;1
252558;-38443;-843;1
252680;-38518;-940;1
252741;-38556;-989;1
252864;-38633;-1086;1
252926;-38672;-1134;1
253050;-38752;-1230;1
253112;-38792;-1278;1
253238;-38874;-1373;1
253301;-38916;-1421;1
253427;-39001;-1516;1
253491;-39043;-1563;1
253619;-39130;-1658;1
253683;-39174;-1705;1
253812;-39263;-1799;1
253877;-39307;-1847;1
253942;-39352;-1894;1
254007;-39398;-1941;1
254138;-39488;-2036;1
254204;-39534;-2084;1
254336;-39626;-2179;1
254402;-39672;-2227;1
254535;-39764;-2323;1
254602;-39811;-2371;1
254736;-39904;-2468;1
254803;-39951;-2517;1
254938;-40045;-2615;1
255006;-40092;-2664;1
255142;-40187;-2762;1
255210;-40235;-2811;1
255347;-40330;-2910;1
255415;-40378;-2959;1
255555;-40475;-3058;1
255625;-40523;-3107;1
255766;-40620;-3207;1
255837;-40669;-3257;1
255979;-40767;-3357;1
256050;-40816;-3407;1
256193;-40915;-3508;1
256264;-40964;-3559;1
256408;-41063;-3660;1
256480;-41113;-3711;1
256625;-41212;-3814;1
256697;-41262;-3866;1
256843;-41361;-3970;1
256916;-41411;-4022;1
257063;-41510;-4127;1
257136;-41560;-4180;1
257283;-41660;-4286;1
257357;-41709;-4340;1
257506;-41809;-4448;1
257580;-41858;-4502;1
257730;-41957;-4611;1
257805;-42007;-4666;1
257955;-42106;-4776;1
258030;-42155;-4832;1
258182;-42254;-4944;1
258257;-42303;-5000;1
258410;-42402;-5113;1
258486;-42451;-5170;1
258639;-42549;-5285;1
258718;-42598;-5342;1
258875;-42697;-5458;1
258953;-42746;-5516;1
259111;-42844;-5633;1
259190;-42893;-5692;1
259348;-42990;-5811;1
259427;-43039;-5870;1
259586;-43135;-5990;1
259666;-43183;-6051;1
259826;-43279;-6173;1
259906;-43327;-6234;1
260066;-43422;-6358;1
260147;-43469;-6421;1
260308;-43562;-6546;1
260389;-43608;-6610;1
260552;-43701;-6737;1
260634;-43746;-6802;1
260797;-43837;-6931;1
260879;-43882;-6996;1
261044;-43972;-7127;1
261126;-44017;-7193;1
261290;-44105;-7326;1
261372;-44149;-7393;1
261536;-44236;-7528;1
261618;-44279;-7595;1
261783;-44364;-7732;1
261865;-44407;-7800;1
262030;-44491;-7938;1
262113;-44532;-8008;1
262279;-44615;-8147;1
262363;-44656;-8217;1
262529;-44736;-8359;1
262613;-44776;-8430;1
262781;-44856;-8573;1
262865;-44895;-8645;1
262949;-44934;-8717;1
263117;-45011;-8862;1
263201;-45049;-8935;1
263368;-45125;-9082;1
263451;-45163;-9155;1
263618;-45237;-9303;1
263702;-45274;-9377;1
263869;-45348;-9527;1
263952;-45385;-9601;1
264035;-45421;-9676;1
264200;-45493;-9825;1
264282;-45528;-9899;1
264444;-45598;-10047;1
264524;-45632;-10120;1
264683;-45699;-10265;1
264762;-45732;-10338;1
264917;-45797;-10480;1
264993;-45829;-10551;1
265145;-45891;-10692;1
265220;-45922;-10761;1
265368;-45982;-10899;1
265442;-46011;-10967;1
265587;-46068;-11102;1
265658;-46096;-11169;1
265800;-46151;-11302;1
265871;-46177;-11367;1
266010;-46230;-11498;1
266079;-46255;-11563;1
266216;-46305;-11691;1
266284;-46330;-11755;1
266419;-46377;-11882;1
266485;-46400;-11945;1
266617;-46445;-12069;1
266682;-46466;-12131;1
266810;-46508;-12253;1
266874;-46529;-12313;1
267000;-46568;-12433;1
267062;-46587;-12492;1
267185;-46624;-12609;1
267245;-46642;-12667;1
267306;-46659;-12725;1
267425;-46692;-12840;1
267483;-46708;-12896;1
267597;-46739;-13009;1
267654;-46754;-13065;1
267766;-46781;-13176;1
267822;-46795;-13231;1
267932;-46820;-13341;1
267986;-46832;-13396;1
268094;-46855;-13503;1
268147;-46866;-13557;1
268200;-46876;-13610;1
268252;-46886;-13662;1
268356;-46905;-13767;1
268407;-46914;-13819;1
268509;-46931;-13921;1
268559;-46938;-13972;1
268658;-46953;-14072;1
268708;-46959;-14122;1
268805;-46971;-14221;1
268853;-46976;-14270;1
268949;-46986;-14366;1
268996;-46990;-14414;1
269089;-46998;-14509;1
269136;-47001;-14556;1
269227;-47006;-14649;1
269273;-47008;-14695;1
269318;-47010;-14741;1
269363;-47011;-14786;1
269452;-47013;-14876;1
269495;-47013;-14920;1
269579;-47012;-15008;1
269620;-47011;-15052;1
269702;-47008;-15138;1
269743;-47006;-15180;1
269824;-47001;-15264;1
269863;-46998;-15306;1
269943;-46990;-15388;1
269982;-46986;-15428;1
270060;-46977;-15509;1
270098;-46971;-15548;1
270175;-46960;-15627;1
270213;-46953;-15666;1
270251;-46947;-15704;1
270289;-46940;-15742;1
270365;-46925;-15818;1
270403;-46917;-15855;1
270478;-46900;-15930;1
270554;-46881;-16003;1
270591;-46872;-16039;1
270629;-46861;-16076;1
270667;-46851;-16112;1
270744;-46829;-16183;1
270782;-46817;-16219;1
270859;-46793;-16290;1
270898;-46781;-16325;1
270975;-46754;-16394;1
271015;-46741;-16428;1
271093;-46712;-16496;1
271132;-46698;-16529;1
271172;-46683;-16562;1
271249;-46651;-16628;1
271288;-46635;-16660;1
271365;-46602;-16724;1
271403;-46585;-16755;1
271479;-46550;-16817;1
271517;-46531;-16848;1
271592;-46494;-16908;1
271630;-46475;-16938;1
271705;-46436;-16996;1
271742;-46416;-17025;1
271817;-46375;-17081;1
271854;-46354;-17109;1
271929;-46311;-17163;1
271967;-46289;-17190;1
272042;-46244;-17242;1
272080;-46221;-17268;1
272118;-46198;-17293;1
272194;-46151;-17342;1
272232;-46127;-17366;1
272309;-46078;-17414;1
272347;-46054;-17436;1
272425;-46004;-17481;1
272465;-45978;-17503;1
272504;-45952;-17524;1
272544;-45926;-17545;1
272625;-45874;-17586;1
272668;-45847;-17606;1
272752;-45793;-17644;1
272794;-45765;-17663;1
272876;-45710;-17699;1
272917;-45682;-17716;1
272997;-45625;-17750;1
273037;-45596;-17766;1
273116;-45538;-17798;1
273156;-45509;-17813;1
273195;-45480;-17828;1
273234;-45450;-17842;1
273313;-45390;-17869;1
273352;-45360;-17882;1
273430;-45298;-17907;1
273470;-45268;-17919;1
273549;-45205;-17942;1
273588;-45174;-17953;1
273668;-45111;-17973;1
273709;-45079;-17983;1
273790;-45015;-18001;1
273831;-44983;-18009;1
273915;-44918;-18024;1
273957;-44885;-18031;1
274000;-44852;-18038;1
274043;-44819;-18044;1
274131;-44752;-18056;1
274176;-44719;-18061;1
274265;-44652;-18069;1
274309;-44618;-18073;1
274395;-44550;-18079;1
274438;-44516;-18082;1
274480;-44482;-18084;1
274564;-44413;-18087;1
274605;-44378;-18087;1
274687;-44309;-18087;1
274769;-44239;-18086;1
274809;-44204;-18084;1
274850;-44169;-18082;1
274931;-44098;-18077;1
274971;-44063;-18074;1
275052;-43991;-18066;1
275092;-43956;-18062;1
275173;-43884;-18052;1
275213;-43848;-18046;1
275254;-43812;-18040;1
275335;-43739;-18026;1
275376;-43703;-18019;1
275458;-43630;-18003;1
275499;-43594;-17994;1
275582;-43521;-17975;1
275623;-43485;-17965;1
275707;-43412;-17943;1
275750;-43376;-17932;1
275835;-43303;-17907;1
275878;-43267;-17895;1
275958;-43195;-17868;1
275998;-43159;-17853;1
276076;-43087;-17824;1
276115;-43051;-17808;1
276194;-42980;-17776;1
276233;-42944;-17759;1
276312;-42874;-17725;1
276351;-42838;-17707;1
276391;-42803;-17688;1
276430;-42768;-17669;1
276509;-42699;-17630;1
276549;-42664;-17610;1
276628;-42595;-17569;1
276668;-42560;-17547;1
276748;-42492;-17504;1
276828;-42424;-17458;1
276869;-42390;-17435;1
276950;-42323;-17388;1
276990;-42289;-17364;1
277072;-42223;-17314;1
277113;-42190;-17289;1
277195;-42124;-17237;1
277236;-42091;-17211;1
277319;-42026;-17158;1
277360;-41994;-17130;1
277403;-41961;-17103;1
277487;-41898;-17047;1
277573;-41834;-16989;1
277615;-41803;-16960;1
277701;-41741;-16901;1
277744;-41710;-16871;1
277830;-41648;-16810;1
277874;-41618;-16779;1
277961;-41558;-16716;1
278005;-41528;-16683;1
278092;-41468;-16619;1
278136;-41439;-16586;1
278225;-41380;-16519;1
278269;-41351;-16485;1
278313;-41322;-16451;1
278358;-41294;-16417;1
278448;-41236;-16347;1
278493;-41208;-16312;1
278584;-41151;-16240;1
278629;-41123;-16204;1
278721;-41067;-16131;1
278767;-41039;-16094;1
278859;-40984;-16019;1
278906;-40956;-15981;1
279000;-40901;-15904;1
279047;-40873;-15865;1
279143;-40818;-15787;1
279191;-40790;-15747;1
279287;-40734;-15668;1
279336;-40706;-15627;1
279434;-40650;-15546;1
279484;-40621;-15505;1
279586;-40563;-15421;1
279637;-40533;-15379;1
279740;-40474;-15293;1
279793;-40444;-15250;1
279897;-40383;-15164;1
279951;-40352;-15120;1
280059;-40289;-15032;1
280113;-40258;-14987;1
280224;-40193;-14897;1
280280;-40160;-14851;1
280391;-40094;-14761;1
280447;-40061;-14716;1
280559;-39994;-14625;1
280615;-39961;-14580;1
280727;-39894;-14490;1
280784;-39860;-14444;1
280899;-39791;-14352;1
280957;-39756;-14306;1
281072;-39685;-14213;1
281132;-39649;-14166;1
281249;-39578;-14073;1
281307;-39542;-14026;1
281425;-39470;-13933;1
281484;-39434;-13886;1
281601;-39362;-13794;1
281660;-39326;-13747;1
281779;-39252;-13654;1
281839;-39215;-13606;1
281959;-39140;-13512;1
282019;-39103;-13464;1
282141;-39027;-13369;1
282203;-38988;-13321;1
282326;-38911;-13225;1
282389;-38871;-13175;1
282517;-38790;-13076;1
282580;-38749;-13027;1
282707;-38668;-12928;1
282770;-38627;-12879;1
282897;-38545;-12782;1
282960;-38504;-12733;1
283088;-38421;-12635;1
283152;-38379;-12587;1
283280;-38295;-12490;1
283344;-38252;-12441;1
283473;-38166;-12344;1
283538;-38122;-12296;1
283669;-38034;-12200;1
283734;-37989;-12152;1
283866;-37899;-12056;1
283932;-37853;-12008;1
284065;-37760;-11913;1
284132;-37713;-11865;1
284266;-37618;-11771;1
284333;-37570;-11724;1
284468;-37472;-11630;1
284536;-37423;-11583;1
284673;-37323;-11491;1
284741;-37273;-11445;1
284878;-37172;-11353;1
284947;-37120;-11307;1
285086;-37016;-11216;1
285155;-36964;-11171;1
285295;-36858;-11082;1
285365;-36805;-11037;1
285505;-36697;-10948;1
285575;-36642;-10904;1
285716;-36532;-10817;1
285787;-36476;-10773;1
285929;-36364;-10687;1
286001;-36306;-10643;1
286146;-36191;-10558;1
286218;-36133;-10516;1
286362;-36016;-10432;1
286435;-35957;-10390;1
286581;-35838;-10308;1
286654;-35778;-10267;1
286802;-35657;-10186;1
286876;-35596;-10146;1
287024;-35473;-10066;1
287099;-35411;-10027;1
287249;-35286;-9948;1
287325;-35223;-9909;1
287478;-35096;-9832;1
287555;-35032;-9794;1
287709;-34904;-9717;1
287786;-34839;-9679;1
287941;-34709;-9604;1
288018;-34643;-9566;1
288174;-34512;-9492;1
288252;-34445;-9455;1
288409;-34312;-9382;1
288488;-34244;-9345;1
288646;-34109;-9273;1
288725;-34041;-9238;1
288885;-33904;-9168;1
288965;-33834;-9134;1
289125;-33695;-9066;1
289205;-33625;-9033;1
289367;-33484;-8968;1
289449;-33413;-8936;1
289611;-33271;-8875;1
289692;-33199;-8845;1
289854;-33055;-8787;1
289935;-32983;-8759;1
290097;-32839;-8704;1
290177;-32766;-8678;1
290258;-32693;-8652;1
290338;-32620;-8627;1
290499;-32474;-8578;1
290580;-32400;-8554;1
290741;-32253;-8509;1
290822;-32179;-8487;1
290983;-32031;-8445;1
291145;-31883;-8406;1
291226;-31808;-8387;1
291388;-31659;-8351;1
291469;-31584;-8334;1
291630;-31434;-8302;1
291709;-31359;-8287;1
291789;-31283;-8273;1
291948;-31133;-8246;1
292028;-31058;-8233;1
292186;-30907;-8210;1
292265;-30832;-8200;1
292423;-30681;-8181;1
292501;-30605;-8172;1
292658;-30455;-8157;1
292737;-30380;-8150;1
292893;-30229;-8138;1
292972;-30154;-8133;1
293050;-30079;-8129;1
293128;-30004;-8125;1
293284;-29854;-8120;1
293363;-29779;-8118;1
293518;-29629;-8117;1
293595;-29555;-8117;1
293749;-29406;-8119;1
293825;-29332;-8121;1
293978;-29183;-8127;1
294055;-29109;-8131;1
294207;-28962;-8141;1
294283;-28888;-8147;1
294359;-28814;-8154;1
294511;-28668;-8169;1
294587;-28594;-8177;1
294738;-28448;-8196;1
294814;-28375;-8206;1
294966;-28229;-8228;1
295042;-28156;-8240;1
295118;-28084;-8253;1
295194;-28011;-8266;1
295346;-27866;-8294;1
295422;-27793;-8309;1
295582;-27648;-8341;1
295662;-27575;-8357;1
295822;-27431;-8392;1
295902;-27358;-8410;1
295982;-27286;-8428;1
296142;-27141;-8467;1
296223;-27068;-8486;1
296384;-26923;-8527;1
296465;-26851;-8548;1
296626;-26706;-8592;1
296708;-26633;-8614;1
296871;-26488;-8659;1
296952;-26415;-8683;1
297116;-26270;-8731;1
297199;-26198;-8756;1
297364;-26053;-8806;1
297448;-25981;-8833;1
297612;-25836;-8886;1
297694;-25764;-8914;1
297858;-25620;-8970;1
297940;-25548;-9000;1
298022;-25476;-9029;1
298186;-25333;-9090;1
298268;-25261;-9121;1
298432;-25118;-9185;1
298515;-25047;-9217;1
298680;-24905;-9284;1
298762;-24834;-9318;1
298928;-24693;-9388;1
299011;-24623;-9424;1
299094;-24553;-9460;1
299177;-24483;-9497;1
299345;-24343;-9572;1
299429;-24274;-9611;1
299595;-24135;-9689;1
299677;-24066;-9729;1
299843;-23928;-9811;1
299925;-23860;-9852;1
300091;-23723;-9936;1
300174;-23654;-9979;1
300341;-23518;-10066;1
300424;-23450;-10110;1
300591;-23314;-10199;1
300675;-23247;-10245;1
300843;-23112;-10337;1
300927;-23045;-10384;1
301095;-22911;-10479;1
301180;-22845;-10528;1
301349;-22713;-10626;1
301434;-22647;-10676;1
301605;-22516;-10777;1
301691;-22451;-10829;1
301864;-22321;-10933;1
301950;-22256;-10985;1
302122;-22127;-11092;1
302208;-22063;-11146;1
302381;-21936;-11255;1
302553;-21809;-11366;1
302639;-21746;-11423;1
302811;-21622;-11537;1
302897;-21560;-11595;1
302983;-21498;-11653;1
303155;-21375;-11771;1
303241;-21315;-11831;1
303414;-21194;-11952;1
303500;-21134;-12013;1
303672;-21015;-12137;1
303758;-20956;-12199;1
303931;-20839;-12325;1
304017;-20781;-12389;1
304189;-20666;-12518;1
304276;-20609;-12583;1
304362;-20552;-12649;1
304449;-20495;-12715;1
304623;-20383;-12848;1
304710;-20328;-12915;1
304884;-20217;-13051;1
304971;-20163;-13119;1
305058;-20108;-13187;1
305146;-20054;-13256;1
305321;-19946;-13396;1
305409;-19893;-13466;1
305585;-19786;-13607;1
305673;-19734;-13677;1
305850;-19629;-13820;1
305938;-19577;-13892;1
306115;-19474;-14037;1
306204;-19422;-14110;1
306381;-19320;-14256;1
306470;-19270;-14330;1
306648;-19170;-14478;1
306737;-19120;-14553;1
306916;-19021;-14703;1
307095;-18924;-14854;1
307275;-18827;-15007;1
307365;-18780;-15084;1
307546;-18685;-15238;1
307636;-18638;-15316;1
307818;-18544;-15472;1
307908;-18498;-15550;1
308091;-18405;-15707;1
308182;-18359;-15786;1
308364;-18266;-15943;1
308456;-18220;-16022;1
308639;-18127;-16180;1
308823;-18033;-16338;1
309006;-17938;-16496;1
309099;-17890;-16575;1
309283;-17794;-16733;1
309375;-17746;-16812;1
309559;-17648;-16969;1
309652;-17599;-17047;1
309836;-17500;-17203;1
309929;-17450;-17282;1
310114;-17349;-17438;1
310207;-17298;-17516;1
310299;-17248;-17594;1
310486;-17145;-17749;1
310579;-17094;-17827;1
310766;-16991;-17983;1
310860;-16939;-18061;1
310954;-16887;-18139;1
311142;-16784;-18296;1
311236;-16732;-18374;1
311424;-16629;-18531;2
311519;-16578;-18610;2
311708;-16475;-18768;2
311802;-16424;-18848;2
311992;-16323;-19007;2
312087;-16273;-19087;2
312277;-16173;-19248;2
312372;-16123;-19329;2
312563;-16024;-19490;2
312754;-15925;-19652;2
312849;-15876;-19733;2
312944;-15827;-19814;2
313132;-15730;-19975;2
313320;-15633;-20134;2
313505;-15538;-20292;2
313597;-15490;-20370;2
313779;-15396;-20525;2
313869;-15349;-20601;2
314047;-15256;-20753;2
314135;-15210;-20828;2
314222;-15164;-20902;2
314395;-15073;-21049;2
314565;-14983;-21194;2
314733;-14894;-21337;2
314816;-14850;-21408;2
314899;-14806;-21478;2
315063;-14719;-21617;2
315224;-14634;-21754;2
315304;-14591;-21822;2
315383;-14549;-21890;2
315462;-14507;-21956;2
315617;-14425;-22089;2
315770;-14344;-22219;2
315846;-14304;-22283;2
315921;-14264;-22347;2
316069;-14186;-22474;2
316143;-14147;-22536;2
316288;-14071;-22660;2
316359;-14034;-22722;2
316430;-13996;-22782;2
316501;-13960;-22843;2
316641;-13887;-22962;2
316779;-13815;-23081;2
316848;-13779;-23140;2
316916;-13744;-23198;2
316983;-13710;-23257;2
317117;-13641;-23372;2
317183;-13608;-23429;2
317313;-13541;-23542;2
317442;-13477;-23653;2
317505;-13445;-23708;2
317631;-13383;-23817;2
317692;-13352;-23871;2
317815;-13292;-23978;2
317875;-13263;-24031;2
317994;-13205;-24136;2
318053;-13177;-24188;2
318169;-13121;-24290;2
318284;-13067;-24392;2
318341;-13041;-24442;2
318398;-13014;-24493;2
318454;-12988;-24543;2
318565;-12937;-24642;2
318619;-12913;-24691;2
318728;-12864;-24788;2
318781;-12840;-24836;2
318834;-12817;-24884;2
318887;-12794;-24932;2
318990;-12749;-25026;2
319042;-12727;-25072;2
319143;-12684;-25165;2
319192;-12664;-25211;2
319290;-12623;-25302;2
319339;-12604;-25347;2
319435;-12566;-25437;2
319482;-12548;-25481;2
319577;-12513;-25570;2
319624;-12495;-25615;2
319670;-12479;-25659;2
319717;-12462;-25703;2
319810;-12431;-25792;2
319856;-12415;-25837;2
319949;-12386;-25926;2
319995;-12372;-25970;2
320087;-12344;-26060;2
320134;-12331;-26105;2
320180;-12318;-26150;2
320272;-12294;-26241;2
320318;-12282;-26287;2
320411;-12260;-26378;2
320457;-12249;-26424;2
320550;-12229;-26516;2
320596;-12219;-26562;2
320642;-12210;-26608;2
320735;-12194;-26700;2
320782;-12186;-26746;2
320877;-12171;-26838;2
320925;-12165;-26883;2
321020;-12153;-26975;2
321067;-12148;-27021;2
321162;-12138;-27113;2
321210;-12134;-27158;2
321305;-12128;-27249;2
321401;-12123;-27340;2
321449;-12121;-27385;2
321497;-12120;-27431;2
321593;-12118;-27521;2
321641;-12118;-27566;2
321738;-12120;-27656;2
321787;-12121;-27700;2
321835;-12123;-27745;2
321884;-12126;-27789;2
321982;-12132;-27878;2
322032;-12135;-27922;2
322131;-12144;-28009;2
322184;-12149;-28053;2
322292;-12161;-28140;2
322346;-12167;-28183;2
322400;-12174;-28226;2
322506;-12189;-28312;2
322559;-12197;-28354;2
322664;-12215;-28439;2
322769;-12234;-28523;2
322822;-12245;-28565;2
322874;-12255;-28607;2
322980;-12278;-28690;2
323032;-12290;-28732;2
323139;-12315;-28815;2
323192;-12329;-28856;2
323246;-12342;-28897;2
323300;-12357;-28938;2
323408;-12386;-29020;2
323523;-12418;-29101;2
323580;-12434;-29141;2
323692;-12468;-29221;2
323748;-12486;-29261;2
323803;-12504;-29301;2
323857;-12522;-29340;2
323965;-12561;-29419;2
324019;-12580;-29458;2
324125;-12621;-29535;2
324178;-12642;-29573;2
324282;-12685;-29649;2
324334;-12707;-29687;2
324438;-12753;-29762;2
324490;-12777;-29799;2
324594;-12825;-29873;2
324645;-12850;-29909;2
324748;-12900;-29982;2
324799;-12926;-30018;2
324900;-12980;-30090;2
324950;-13007;-30125;2
325000;-13035;-30161;2
325049;-13063;-30196;2
325148;-13120;-30266;2
325197;-13149;-30301;2
325295;-13209;-30370;2
325344;-13239;-30404;2
325442;-13301;-30473;2
325490;-13332;-30507;2
325587;-13397;-30574;2
325636;-13429;-30607;2
325732;-13496;-30673;2
325781;-13530;-30706;2
325877;-13598;-30771;2
325926;-13633;-30803;2
326022;-13704;-30867;2
326071;-13740;-30899;2
326119;-13776;-30931;2
326168;-13813;-30962;2
326266;-13887;-31024;2
326314;-13925;-31055;2
326411;-14002;-31116;2
326459;-14041;-31146;2
326556;-14119;-31206;2
326605;-14159;-31235;2
326703;-14240;-31294;2
326752;-14281;-31323;2
326851;-14364;-31380;2
326901;-14406;-31409;2
327001;-14491;-31466;2
327051;-14534;-31494;2
327152;-14621;-31549;2
327203;-14665;-31577;2
327254;-14710;-31604;2
327305;-14754;-31631;2
327408;-14845;-31685;2
327459;-14891;-31712;2
327563;-14984;-31764;2
327615;-15030;-31790;2
327720;-15125;-31842;2
327772;-15173;-31867;2
327878;-15270;-31917;2
327931;-15318;-31942;2
328038;-15417;-31991;2
328092;-15467;-32015;2
328202;-15568;-32062;2
328258;-15619;-32085;2
328370;-15721;-32132;2
328427;-15773;-32154;2
328540;-15878;-32199;2
328597;-15930;-32221;2
328654;-15983;-32243;2
328769;-16090;-32286;2
328827;-16144;-32307;2
328943;-16253;-32349;2
329002;-16308;-32370;2
329119;-16418;-32411;2
329178;-16473;-32432;2
329297;-16585;-32472;2
329357;-16641;-32493;2
329477;-16754;-32533;2
329537;-16811;-32552;2
329658;-16926;-32592;2
329719;-16983;-32612;2
329841;-17099;-32652;2
329902;-17157;-32671;2
330026;-17274;-32711;2
330088;-17333;-32730;2
330150;-17392;-32750;2
330275;-17511;-32790;2
330338;-17570;-32809;2
330464;-17690;-32848;2
330527;-17751;-32868;2
330654;-17872;-32906;2
330718;-17933;-32925;2
330846;-18055;-32963;2
330910;-18117;-32982;2
330975;-18179;-33001;2
331104;-18303;-33038;2
331169;-18365;-33056;2
331300;-18491;-33093;2
331365;-18554;-33111;2
331497;-18681;-33146;2
331563;-18745;-33163;2
331695;-18873;-33198;2
331762;-18938;-33215;2
331895;-19068;-33248;2
331962;-19133;-33265;2
332097;-19264;-33297;2
332165;-19330;-33313;2
332300;-19462;-33345;2
332368;-19528;-33360;2
332504;-19661;-33391;2
332573;-19728;-33406;2
332710;-19862;-33436;2
332779;-19930;-33451;2
332917;-20065;-33480;2
332986;-20133;-33494;2
333125;-20270;-33523;2
333195;-20338;-33536;2
333265;-20407;-33550;2
333405;-20545;-33577;2
333475;-20614;-33590;2
333617;-20753;-33617;2
333687;-20823;-33629;2
333829;-20963;-33654;2
333900;-21034;-33666;2
334043;-21175;-33690;2
334115;-21246;-33702;2
334259;-21388;-33724;2
334332;-21460;-33735;2
334477;-21603;-33756;2
334550;-21676;-33766;2
334623;-21748;-33775;2
334696;-21820;-33785;2
334844;-21966;-33803;2
334918;-22038;-33811;2
335066;-22185;-33828;2
335141;-22258;-33835;2
335291;-22406;-33850;2
335367;-22480;-33856;2
335518;-22628;-33869;2
335594;-22703;-33875;2
335747;-22852;-33886;2
335824;-22927;-33891;2
335979;-23077;-33900;2
336057;-23153;-33904;2
336135;-23228;-33908;2
336214;-23304;-33912;2
336371;-23456;-33919;2
336450;-23532;-33922;2
336608;-23684;-33927;2
336688;-23761;-33930;2
336848;-23914;-33934;2
336928;-23991;-33936;2
337089;-24145;-33939;2
337170;-24223;-33941;2
337332;-24378;-33943;2
337414;-24455;-33943;2
337496;-24533;-33944;2
337661;-24689;-33944;2
337741;-24767;-33944;2
337898;-24924;-33942;2
337977;-25002;-33942;2
338135;-25160;-33939;2
338215;-25239;-33938;2
338294;-25318;-33936;2
338373;-25397;-33934;2
338533;-25555;-33929;2
338613;-25635;-33926;2
338772;-25794;-33920;2
338853;-25873;-33916;2
339013;-26032;-33909;2
339093;-26112;-33904;2
339254;-26272;-33895;2
339335;-26352;-33890;2
339496;-26513;-33878;2
339659;-26674;-33866;2
339740;-26754;-33859;2
339821;-26835;-33852;2
339902;-26916;-33845;2
340065;-27077;-33829;2
340229;-27239;-33812;2
340311;-27320;-33803;2
340474;-27482;-33785;2
340557;-27564;-33775;2
340721;-27727;-33755;2
340804;-27808;-33744;2
340969;-27971;-33722;2
341052;-28053;-33711;2
341217;-28216;-33688;2
341300;-28298;-33676;2
341467;-28462;-33650;2
341550;-28544;-33638;2
341717;-28709;-33611;2
341801;-28791;-33597;2
341968;-28955;-33569;2
342052;-29038;-33554;2
342136;-29120;-33540;2
342221;-29203;-33524;2
342389;-29368;-33493;2
342474;-29450;-33477;2
342643;-29616;-33444;2
342728;-29699;-33428;2
342898;-29864;-33393;2
342983;-29947;-33375;2
343154;-30113;-33339;2
343239;-30196;-33320;2
343411;-30362;-33281;2
343496;-30445;-33262;2
343668;-30611;-33222;2
343754;-30694;-33201;2
343840;-30777;-33180;2
343927;-30860;-33159;2
344099;-31027;-33115;2
344186;-31110;-33093;2
344359;-31276;-33048;2
344446;-31359;-33025;2
344620;-31526;-32978;2
344707;-31609;-32954;2
344881;-31775;-32905;2
344969;-31858;-32880;2
345056;-31942;-32855;2
345231;-32108;-32803;2
345319;-32191;-32777;2
345495;-32358;-32724;2
345583;-32441;-32697;2
345759;-32608;-32642;2
345848;-32691;-32614;2
346025;-32858;-32557;2
346114;-32941;-32528;2
346291;-33107;-32470;2
346380;-33191;-32440;2
346559;-33357;-32381;2
346648;-33441;-32350;2
346738;-33524;-32320;2
346917;-33691;-32258;2
347007;-33774;-32227;2
347187;-33941;-32163;2
347278;-34024;-32131;2
347459;-34191;-32067;2
347640;-34358;-32002;2
347731;-34441;-31969;2
347912;-34608;-31902;2
348003;-34692;-31868;2
348094;-34775;-31835;2
348276;-34943;-31767;2
348368;-35026;-31733;2
348550;-35194;-31664;2
348642;-35278;-31630;2
348825;-35446;-31561;2
348917;-35530;-31526;2
349101;-35698;-31457;2
349193;-35782;-31422;2
349377;-35951;-31352;2
349469;-36036;-31317;2
349561;-36120;-31283;2
349654;-36205;-31248;2
349839;-36375;-31178;2
349932;-36460;-31143;2
350117;-36630;-31073;2
350210;-36715;-31037;2
350396;-36885;-30967;2
350489;-36970;-30931;2
350675;-37140;-30860;2
350768;-37225;-30825;2
350956;-37397;-30752;2
351054;-37486;-30714;2
351244;-37659;-30639;2
351337;-37744;-30602;2
351525;-37914;-30527;2
351619;-37999;-30490;2
351807;-38168;-30413;2
351901;-38253;-30374;2
352089;-38423;-30295;2
352183;-38507;-30255;2
352371;-38676;-30175;2
352466;-38760;-30134;2
352655;-38928;-30051;2
352749;-39012;-30009;2
352939;-39180;-29925;2
353034;-39264;-29882;2
353224;-39432;-29796;2
353319;-39515;-29752;2
353509;-39683;-29665;2
353605;-39766;-29621;2
353700;-39850;-29576;2
353892;-40017;-29487;2
353988;-40100;-29442;2
354180;-40267;-29351;2
354276;-40350;-29305;2
354468;-40516;-29213;2
354564;-40599;-29166;2
354755;-40765;-29073;2
354851;-40848;-29025;2
355044;-41014;-28930;2
355140;-41097;-28882;2
355236;-41179;-28834;2
355429;-41344;-28737;2
355525;-41427;-28688;2
355719;-41592;-28589;2
355815;-41674;-28540;2
356009;-41838;-28439;2
356106;-41920;-28389;2
356300;-42084;-28287;2
356398;-42166;-28236;2
356495;-42247;-28184;2
356690;-42410;-28081;2
356787;-42492;-28028;2
356982;-42654;-27923;2
357080;-42736;-27870;2
357277;-42897;-27763;2
357376;-42978;-27709;2
357575;-43140;-27600;2
357675;-43220;-27545;2
357874;-43381;-27435;2
357974;-43461;-27379;2
358173;-43620;-27267;2
358273;-43700;-27210;2
358473;-43858;-27095;2
358574;-43937;-27037;2
358774;-44094;-26920;2
358875;-44173;-26861;2
359076;-44329;-26742;2
359177;-44406;-26682;2
359379;-44561;-26560;2
359480;-44638;-26499;2
359582;-44715;-26437;2
359683;-44791;-26375;2
359886;-44943;-26249;2
359988;-45019;-26186;2
360193;-45170;-26058;2
360295;-45245;-25993;2
360501;-45393;-25863;2
360603;-45467;-25797;2
360809;-45614;-25663;2
360912;-45687;-25596;2
361117;-45832;-25460;2
361220;-45904;-25392;2
361425;-46047;-25253;2
361528;-46119;-25184;2
361733;-46260;-25043;2
361836;-46330;-24972;2
362042;-46469;-24829;2
362145;-46538;-24756;2
362351;-46675;-24610;2
362454;-46743;-24537;2
362660;-46877;-24389;2
362764;-46944;-24314;2
362971;-47077;-24163;2
363075;-47143;-24087;2
363282;-47273;-23934;2
363387;-47338;-23857;2
363595;-47466;-23702;2
363700;-47530;-23624;2
363909;-47656;-23467;2
364014;-47719;-23387;2
364224;-47843;-23228;2
364329;-47904;-23148;2
364434;-47965;-23067;2
364539;-48026;-22986;2
364748;-48147;-22823;2
364852;-48206;-22741;2
365061;-48324;-22576;2
365169;-48384;-22490;2
365384;-48504;-22318;2
365491;-48563;-22231;2
365704;-48678;-22059;2
365810;-48735;-21971;2
366019;-48845;-21800;2
366123;-48900;-21714;2
366332;-49007;-21540;2
366436;-49061;-21453;2
366648;-49168;-21275;2
366757;-49222;-21183;2
366973;-49327;-21000;2
367081;-49379;-20909;2
367296;-49481;-20725;2
367401;-49530;-20635;2
367611;-49626;-20454;2
367716;-49674;-20363;2
367926;-49768;-20180;2
368030;-49814;-20088;2
368239;-49905;-19903;2
368344;-49949;-19810;2
368553;-50037;-19623;2
368657;-50080;-19530;2
368879;-50170;-19329;2
368993;-50216;-19225;2
369226;-50307;-19013;2
369339;-50350;-18909;2
369566;-50436;-18701;2
369680;-50478;-18596;2
369903;-50559;-18390;2
370011;-50598;-18289;2
370226;-50674;-18090;2
370331;-50710;-17992;2
370540;-50782;-17797;2
370645;-50818;-17699;2
370854;-50888;-17503;2
370959;-50923;-17404;2
371169;-50991;-17207;2
371274;-51025;-17108;2
371487;-51093;-16907;2
371592;-51126;-16807;2
371802;-51191;-16608;2
371907;-51224;-16509;2
372118;-51288;-16308;2
372226;-51320;-16205;2
372449;-51387;-15992;2
372560;-51419;-15886;2
372782;-51484;-15673;2
372892;-51516;-15568;2
373112;-51579;-15357;2
373223;-51611;-15250;2
373440;-51672;-15042;2
373550;-51703;-14936;2
373766;-51763;-14728;2
373876;-51794;-14623;2
374092;-51853;-14414;2
374202;-51883;-14308;2
374422;-51942;-14095;2
374532;-51972;-13989;2
374748;-52029;-13781;2
374854;-52056;-13678;2
375066;-52112;-13473;2
375172;-52139;-13371;2
375384;-52193;-13166;2
375490;-52220;-13063;2
375702;-52273;-12858;2
375808;-52299;-12755;2
376020;-52352;-12549;2
376126;-52378;-12445;2
376338;-52429;-12239;2
376444;-52455;-12135;2
376665;-52507;-11921;2
376781;-52534;-11808;2
377008;-52588;-11586;2
377119;-52613;-11478;2
377338;-52664;-11264;2
377447;-52689;-11158;2
377666;-52739;-10944;2
377774;-52764;-10839;2
377994;-52814;-10624;2
378105;-52839;-10515;2
378323;-52888;-10303;2
378432;-52913;-10197;2
378654;-52963;-9981;2
378766;-52988;-9872;2
378990;-53039;-9654;2
379101;-53064;-9546;2
379320;-53113;-9333;2
379428;-53138;-9228;2
379644;-53186;-9018;2
379751;-53210;-8913;2
379968;-53259;-8703;2
380076;-53283;-8598;2
380292;-53331;-8387;2
380400;-53355;-8282;2
380617;-53403;-8071;2
380725;-53427;-7966;2
380942;-53475;-7755;2
381050;-53499;-7649;2
381267;-53547;-7438;2
381376;-53572;-7332;2
381593;-53620;-7121;2
381702;-53644;-7015;2
381919;-53692;-6803;2
382029;-53716;-6696;2
382262;-53768;-6469;2
382374;-53793;-6360;2
382599;-53842;-6142;2
382713;-53868;-6031;2
382939;-53918;-5810;2
383053;-53943;-5699;2
383285;-53994;-5474;2
383402;-54019;-5360;2
383632;-54070;-5136;2
383747;-54095;-5023;2
383978;-54146;-4798;2
384096;-54172;-4683;2
384334;-54224;-4451;2
384453;-54251;-4335;2
384689;-54303;-4104;2
384804;-54328;-3993;2
385029;-54378;-3773;2
385140;-54402;-3665;2
385368;-54452;-3442;2
385484;-54478;-3329;2
385717;-54529;-3103;2
385837;-54556;-2985;2
386077;-54609;-2751;2
386194;-54634;-2637;2
386422;-54684;-2414;2
386537;-54709;-2302;2
386758;-54757;-2086;2
386868;-54781;-1979;2
386982;-54805;-1868;2
387213;-54854;-1642;2
387329;-54879;-1528;2
387563;-54928;-1300;2
387680;-54952;-1186;2
387909;-55000;-961;2
388022;-55023;-851;2
388250;-55069;-628;2
388364;-55092;-515;2
388596;-55139;-288;2
388711;-55161;-175;2
388940;-55205;49;2
389055;-55228;163;2
389290;-55272;394;2
389409;-55294;512;2
389659;-55340;758;2
389786;-55363;883;2
390034;-55407;1128;2
390154;-55429;1247;2
390393;-55470;1483;2
390510;-55490;1598;2
390746;-55529;1832;2
390861;-55548;1946;2
391098;-55586;2181;2
391217;-55604;2299;2
391454;-55640;2534;2
391572;-55657;2652;2
391813;-55691;2892;2
391930;-55707;3008;2
392164;-55738;3242;2
392279;-55753;3356;2
392506;-55781;3583;2
392617;-55794;3694;2
392841;-55819;3919;2
392953;-55832;4030;2
393179;-55856;4257;2
393296;-55868;4374;2
393535;-55892;4613;2
393654;-55904;4733;2
393892;-55926;4972;2
394007;-55937;5088;2
394237;-55956;5319;2
394350;-55966;5432;2
394583;-55984;5666;2
394698;-55992;5783;2
394935;-56009;6020;2
395053;-56016;6139;2
395290;-56031;6378;2
395410;-56037;6499;2
395648;-56050;6738;2
395763;-56055;6854;2
395992;-56066;7086;2
396106;-56070;7201;2
396330;-56078;7428;2
396443;-56082;7541;2
396668;-56089;7769;2
396780;-56092;7882;2
397004;-56097;8109;2
397116;-56099;8223;2
397343;-56103;8450;2
397456;-56105;8564;2
397683;-56107;8791;2
397796;-56108;8905;2
398027;-56109;9136;2
398152;-56109;9261;2
398400;-56108;9510;2
398525;-56106;9635;2
398758;-56103;9869;2
398873;-56101;9984;2
399106;-56096;10218;2
399221;-56093;10333;2
399457;-56085;10561;2
399576;-56081;10676;2
399814;-56071;10904;2
399933;-56066;11018;2
400171;-56055;11247;2
400290;-56049;11361;2
400529;-56036;11590;2
400648;-56029;11704;2
400887;-56014;11933;2
401007;-56007;12047;2
401247;-55992;12276;2
401368;-55984;12391;2
401611;-55968;12620;2
401732;-55960;12734;2
401974;-55943;12964;2
402095;-55934;13078;2
402337;-55915;13307;2
402457;-55906;13422;2
402698;-55886;13651;2
402819;-55876;13766;2
403060;-55855;13995;2
403180;-55844;14110;2
403421;-55822;14339;2
403541;-55811;14454;2
403776;-55787;14684;2
403892;-55774;14798;2
404125;-55749;15028;2
404241;-55736;15142;2
404474;-55708;15372;2
404590;-55694;15486;2
404823;-55665;15716;2
404939;-55650;15830;2
405172;-55619;16060;2
405289;-55603;16174;2
405522;-55570;16403;2
405638;-55554;16518;2
405871;-55519;16747;2
405988;-55501;16861;2
406221;-55465;17090;2
406337;-55446;17205;2
406571;-55409;17434;2
406688;-55389;17548;2
406923;-55350;17777;2
407040;-55330;17891;2
407275;-55289;18120;2
407392;-55269;18234;2
407627;-55228;18463;2
407744;-55207;18578;2
407979;-55166;18807;2
408097;-55145;18921;2
408331;-55103;19150;2
408449;-55082;19265;2
408683;-55039;19494;2
408801;-55018;19608;2
409036;-54975;19837;2
409153;-54954;19952;2
409388;-54910;20181;2
409505;-54888;20296;2
409740;-54845;20525;2
409858;-54823;20640;2
410093;-54778;20869;2
410210;-54756;20984;2
410444;-54712;21214;2
410561;-54690;21328;2
410795;-54645;21558;2
410912;-54623;21673;2
411146;-54578;21903;2
411263;-54555;22018;2
411497;-54510;22248;2
411614;-54488;22363;2
411849;-54442;22593;2
411966;-54419;22708;2
412200;-54374;22938;2
412318;-54351;23053;2
412552;-54305;23283;2
412669;-54281;23398;2
412904;-54235;23628;2
413021;-54212;23743;2
413256;-54165;23974;2
413374;-54142;24089;2
413609;-54095;24319;2
413726;-54072;24434;2
413961;-54025;24665;2
414079;-54001;24780;2
414314;-53954;25011;2
414432;-53930;25126;2
414667;-53883;25357;2
414785;-53859;25472;2
415020;-53811;25703;2
415138;-53787;25818;2
415381;-53737;26057;2
415506;-53712;26179;2
415636;-53685;26306;2
415886;-53633;26551;2
416011;-53607;26674;2
416266;-53554;26923;2
416389;-53529;27044;2
416627;-53479;27277;2
416746;-53454;27393;2
416985;-53403;27626;2
417103;-53378;27742;2
417341;-53328;27974;2
417460;-53302;28091;2
417698;-53251;28323;2
417817;-53226;28439;2
418065;-53172;28681;2
418192;-53145;28805;2
418454;-53089;29061;2
418586;-53060;29190;2
418851;-53002;29448;2
418980;-52974;29574;2
419239;-52917;29826;2
419365;-52889;29950;2
419624;-52832;30202;2
419756;-52803;30331;2
420017;-52745;30585;2
420146;-52717;30711;2
420406;-52659;30964;2
420534;-52630;31090;2
420789;-52573;31338;2
420920;-52543;31465;2
421183;-52484;31721;2
421310;-52455;31845;2
421559;-52398;32088;2
421680;-52370;32205;2
421918;-52316;32437;2
422037;-52288;32552;2
422278;-52232;32787;2
422400;-52204;32906;2
422651;-52146;33149;2
422778;-52116;33273;2
423026;-52058;33514;2
423152;-52028;33636;2
423405;-51969;33881;2
423534;-51938;34007;2
423791;-51877;34257;2
423920;-51846;34382;2
424178;-51785;34632;2
424307;-51755;34758;2
424555;-51696;34999;2
424678;-51667;35117;2
424922;-51609;35354;2
425043;-51580;35472;2
425292;-51520;35714;2
425420;-51490;35837;2
425680;-51427;36091;2
425812;-51396;36219;2
426073;-51332;36473;2
426199;-51302;36595;2
426448;-51241;36838;2
426572;-51211;36958;2
426813;-51152;37193;2
426934;-51123;37310;2
427175;-51063;37544;2
427298;-51033;37664;2
427543;-50973;37902;2
427667;-50942;38022;2
427911;-50881;38260;2
428030;-50852;38375;2
428270;-50792;38608;2
428390;-50762;38724;2
428631;-50702;38959;2
428755;-50671;39079;2
429006;-50608;39323;2
429131;-50577;39444;2
429381;-50514;39687;2
